	drug_concept_id	concept_id	concept_name	domain_id	vocabulary_id	concept_class_id	standard_concept	concept_code	valid_start_date	valid_end_date	invalid_reason	_c0	_c1	_c7	_c9	_c11	_c12	_c13	_c14	_c16
0	929549	929549	acetic acid	Drug	RxNorm	Ingredient	S	168	1970-01-01	2099-12-31		168	ENG	8393346	DB03166	DRUGBANK	IN	DB03166	Acetic acid	N
1	1154343	1154343	albuterol	Drug	RxNorm	Ingredient	S	435	1970-01-01	2099-12-31		435	ENG	12885383	DB01001	DRUGBANK	IN	DB01001	Albuterol	N
2	985247	985247	aluminum hydroxide	Drug	RxNorm	Ingredient	S	612	1970-01-01	2099-12-31		612	ENG	8429696	DB06723	DRUGBANK	IN	DB06723	Aluminum hydroxide	N
3	1309944	1309944	amiodarone	Drug	RxNorm	Ingredient	S	703	1970-01-01	2099-12-31		703	ENG	8512621	DB01118	DRUGBANK	IN	DB01118	Amiodarone	N
4	712757	712757	amobarbital	Drug	RxNorm	Ingredient	S	719	1970-01-01	2099-12-31		719	ENG	8496891	DB01351	DRUGBANK	IN	DB01351	Amobarbital	N
5	952538	952538	anthralin	Drug	RxNorm	Ingredient	S	873	1970-01-01	2099-12-31		873	ENG	9276119	DB11157	DRUGBANK	IN	DB11157	Anthralin	N
6	1316354	1316354	bendroflumethiazide	Drug	RxNorm	Ingredient	S	1369	1970-01-01	2099-12-31		1369	ENG	8639945	DB00436	DRUGBANK	IN	DB00436	Bendroflumethiazide	N
7	19020124	19020124	betahistine	Drug	RxNorm	Ingredient	S	1511	1970-01-01	2099-12-31		1511	ENG	8532813	DB06698	DRUGBANK	IN	DB06698	Betahistine	N
8	19022956	19022956	bezafibrate	Drug	RxNorm	Ingredient	S	1525	1970-01-01	2099-12-31		1525	ENG	8267087	DB01393	DRUGBANK	IN	DB01393	Bezafibrate	N
9	929698	929698	boric acid	Drug	RxNorm	Ingredient	S	1700	1970-01-01	2099-12-31		1700	ENG	9276218	DB11326	DRUGBANK	IN	DB11326	Boric acid	N
10	932815	932815	levobunolol	Drug	RxNorm	Ingredient	S	1813	1970-01-01	2099-12-31		1813	ENG	8308368	DB01210	DRUGBANK	IN	DB01210	Levobunolol	N
11	1134439	1134439	caffeine	Drug	RxNorm	Ingredient	S	1886	1970-01-01	2099-12-31		1886	ENG	8547889	DB00201	DRUGBANK	IN	DB00201	Caffeine	N
12	938205	938205	camphor	Drug	RxNorm	Ingredient	S	1952	1970-01-01	2099-12-31		1952	ENG	8620356	DB01744	DRUGBANK	IN	DB01744	Camphor	N
13	939881	939881	capsaicin	Drug	RxNorm	Ingredient	S	1992	1970-01-01	2099-12-31		1992	ENG	8293662	DB06774	DRUGBANK	IN	DB06774	Capsaicin	N
14	1340128	1340128	captopril	Drug	RxNorm	Ingredient	S	1998	1970-01-01	2099-12-31		1998	ENG	8625263	DB01197	DRUGBANK	IN	DB01197	Captopril	N
15	1769535	1769535	cefadroxil	Drug	RxNorm	Ingredient	S	2177	1970-01-01	2099-12-31		2177	ENG	8499664	DB01140	DRUGBANK	IN	DB01140	Cefadroxil	N
16	19095028	19095028	chlorquinaldol	Drug	RxNorm	Ingredient	S	2407	1970-01-01	2099-12-31		2407	ENG	10825419	DB13306	DRUGBANK	IN	DB13306	Chlorquinaldol	N
17	1195334	1195334	choline	Drug	RxNorm	Ingredient	S	2449	1970-01-01	2099-12-31		2449	ENG	8511972	DB00122	DRUGBANK	IN	DB00122	Choline	N
18	19097481	19097481	cinnarizine	Drug	RxNorm	Ingredient	S	2549	1970-01-01	2099-12-31		2549	ENG	8642371	DB00568	DRUGBANK	IN	DB00568	Cinnarizine	N
19	998415	998415	clobetasol	Drug	RxNorm	Ingredient	S	2590	1970-01-01	2099-12-31		2590	ENG	9245091	DB11750	DRUGBANK	IN	DB11750	Clobetasol	N
20	1000995	1000995	coal tar	Drug	RxNorm	Ingredient	S	2635	1970-01-01	2099-12-31		2635	ENG	8709027	DB11082	DRUGBANK	IN	DB11082	Coal tar	N
21	909358	909358	cyclizine	Drug	RxNorm	Ingredient	S	2977	1970-01-01	2099-12-31		2977	ENG	8369860	DB01176	DRUGBANK	IN	DB01176	Cyclizine	N
22	1517070	1517070	desmopressin	Drug	RxNorm	Ingredient	S	3251	1970-01-01	2099-12-31		3251	ENG	8542787	DB00035	DRUGBANK	IN	DB00035	Desmopressin	N
23	930916	930916	diphenoxylate	Drug	RxNorm	Ingredient	S	3500	1970-01-01	2099-12-31		3500	ENG	8301369	DB01081	DRUGBANK	IN	DB01081	Diphenoxylate	N
24	1143374	1143374	ephedrine	Drug	RxNorm	Ingredient	S	3966	1970-01-01	2099-12-31		3966	ENG	8435589	DB01364	DRUGBANK	IN	DB01364	Ephedrine	N
25	1548195	1548195	estradiol	Drug	RxNorm	Ingredient	S	4083	1970-01-01	2099-12-31		4083	ENG	8617171	DB00783	DRUGBANK	IN	DB00783	Estradiol	N
26	1549254	1549254	estrone	Drug	RxNorm	Ingredient	S	4103	1970-01-01	2099-12-31		4103	ENG	8639501	DB00655	DRUGBANK	IN	DB00655	Estrone	N
27	953076	953076	famotidine	Drug	RxNorm	Ingredient	S	4278	1970-01-01	2099-12-31		4278	ENG	8267860	DB00927	DRUGBANK	IN	DB00927	Famotidine	N
28	1555120	1555120	fludrocortisone	Drug	RxNorm	Ingredient	S	4452	1970-01-01	2099-12-31		4452	ENG	8524096	DB00687	DRUGBANK	IN	DB00687	Fludrocortisone	N
29	19055156	19055156	flumethasone	Drug	RxNorm	Ingredient	S	4458	1970-01-01	2099-12-31		4458	ENG	8429632	DB00663	DRUGBANK	IN	DB00663	Flumethasone	N
30	955252	955252	fluocinonide	Drug	RxNorm	Ingredient	S	4462	1970-01-01	2099-12-31		4462	ENG	8406390	DB01047	DRUGBANK	IN	DB01047	Fluocinonide	N
31	755695	755695	fluoxetine	Drug	RxNorm	Ingredient	S	4493	1970-01-01	2099-12-31		4493	ENG	8331278	DB00472	DRUGBANK	IN	DB00472	Fluoxetine	N
32	956874	956874	furosemide	Drug	RxNorm	Ingredient	S	4603	1970-01-01	2099-12-31		4603	ENG	8322060	DB00695	DRUGBANK	IN	DB00695	Furosemide	N
33	19059796	19059796	gliclazide	Drug	RxNorm	Ingredient	S	4816	1970-01-01	2099-12-31		4816	ENG	8461944	DB01120	DRUGBANK	IN	DB01120	Gliclazide	N
34	962398	962398	glycine	Drug	RxNorm	Ingredient	S	4919	1970-01-01	2099-12-31		4919	ENG	8397204	DB00145	DRUGBANK	IN	DB00145	Glycine	N
35	19068839	19068839	hexetidine	Drug	RxNorm	Ingredient	S	5301	1970-01-01	2099-12-31		5301	ENG	8547045	DB08958	DRUGBANK	IN	DB08958	Hexetidine	N
36	1177480	1177480	ibuprofen	Drug	RxNorm	Ingredient	S	5640	1970-01-01	2099-12-31		5640	ENG	8574087	DB01050	DRUGBANK	IN	DB01050	Ibuprofen	N
37	1383815	1383815	isosorbide	Drug	RxNorm	Ingredient	S	6057	1970-01-01	2099-12-31		6057	ENG	9718829	DB09401	DRUGBANK	IN	DB09401	Isosorbide	N
38	1383925	1383925	isosorbide dinitrate	Drug	RxNorm	Ingredient	S	6058	1970-01-01	2099-12-31		6058	ENG	10334065	DB00883	DRUGBANK	IN	DB00883	Isosorbide dinitrate	N
39	987245	987245	lactulose	Drug	RxNorm	Ingredient	S	6218	1970-01-01	2099-12-31		6218	ENG	8301380	DB00581	DRUGBANK	IN	DB00581	Lactulose	N
40	19087317	19087317	lanolin	Drug	RxNorm	Ingredient	S	6227	1970-01-01	2099-12-31		6227	ENG	9273193	DB11112	DRUGBANK	IN	DB11112	Lanolin	N
41	19000498	19000498	mefloquine	Drug	RxNorm	Ingredient	S	6694	1970-01-01	2099-12-31		6694	ENG	8542013	DB00358	DRUGBANK	IN	DB00358	Mefloquine	N
42	1307046	1307046	metoprolol	Drug	RxNorm	Ingredient	S	6918	1970-01-01	2099-12-31		6918	ENG	8449842	DB00264	DRUGBANK	IN	DB00264	Metoprolol	N
43	907879	907879	miconazole	Drug	RxNorm	Ingredient	S	6932	1970-01-01	2099-12-31		6932	ENG	8342909	DB01110	DRUGBANK	IN	DB01110	Miconazole	N
44	1708880	1708880	minocycline	Drug	RxNorm	Ingredient	S	6980	1970-01-01	2099-12-31		6980	ENG	8312224	DB01017	DRUGBANK	IN	DB01017	Minocycline	N
45	721724	721724	nortriptyline	Drug	RxNorm	Ingredient	S	7531	1970-01-01	2099-12-31		7531	ENG	8563037	DB00540	DRUGBANK	IN	DB00540	Nortriptyline	N
46	1135766	1135766	phenylephrine	Drug	RxNorm	Ingredient	S	8163	1970-01-01	2099-12-31		8163	ENG	8459519	DB00388	DRUGBANK	IN	DB00388	Phenylephrine	N
47	1146810	1146810	piroxicam	Drug	RxNorm	Ingredient	S	8356	1970-01-01	2099-12-31		8356	ENG	8515337	DB00554	DRUGBANK	IN	DB00554	Piroxicam	N
48	19047076	19047076	pizotyline	Drug	RxNorm	Ingredient	S	8373	1970-01-01	2099-12-31		8373	ENG	9274907	DB06153	DRUGBANK	IN	DB06153	Pizotifen	N
49	19049024	19049024	potassium	Drug	RxNorm	Ingredient	S	8588	1970-01-01	2099-12-31		8588	ENG	10289171	DB14500	DRUGBANK	IN	DB14500	Potassium	N
50	1750087	1750087	povidone-iodine	Drug	RxNorm	Ingredient	S	8611	1970-01-01	2099-12-31		8611	ENG	8663796	DB06812	DRUGBANK	IN	DB06812	Povidone-iodine	N
51	1550557	1550557	prednisolone	Drug	RxNorm	Ingredient	S	8638	1970-01-01	2099-12-31		8638	ENG	8673533	DB00860	DRUGBANK	IN	DB00860	Prednisolone	N
52	951279	951279	prilocaine	Drug	RxNorm	Ingredient	S	8686	1970-01-01	2099-12-31		8686	ENG	8411006	DB00750	DRUGBANK	IN	DB00750	Prilocaine	N
53	953391	953391	propantheline	Drug	RxNorm	Ingredient	S	8761	1970-01-01	2099-12-31		8761	ENG	8310732	DB00782	DRUGBANK	IN	DB00782	Propantheline	N
54	1153664	1153664	propoxyphene	Drug	RxNorm	Ingredient	S	8785	1970-01-01	2099-12-31		8785	ENG	8480835	DB00647	DRUGBANK	IN	DB00647	Dextropropoxyphene	N
55	1154332	1154332	pseudoephedrine	Drug	RxNorm	Ingredient	S	8896	1970-01-01	2099-12-31		8896	ENG	8642312	DB00852	DRUGBANK	IN	DB00852	Pseudoephedrine	N
56	1164108	1164108	salicylamide	Drug	RxNorm	Ingredient	S	9518	1970-01-01	2099-12-31		9518	ENG	8615020	DB08797	DRUGBANK	IN	DB08797	Salicylamide	N
57	970250	970250	spironolactone	Drug	RxNorm	Ingredient	S	9997	1970-01-01	2099-12-31		9997	ENG	8626038	DB00421	DRUGBANK	IN	DB00421	Spironolactone	N
58	1636780	1636780	testosterone	Drug	RxNorm	Ingredient	S	10379	1970-01-01	2099-12-31		10379	ENG	8381471	DB00624	DRUGBANK	IN	DB00624	Testosterone	N
59	836877	836877	tetrabenazine	Drug	RxNorm	Ingredient	S	10390	1970-01-01	2099-12-31		10390	ENG	8495112	DB04844	DRUGBANK	IN	DB04844	Tetrabenazine	N
60	1705674	1705674	trimethoprim	Drug	RxNorm	Ingredient	S	10829	1970-01-01	2099-12-31		10829	ENG	8677875	DB00440	DRUGBANK	IN	DB00440	Trimethoprim	N
61	1105889	1105889	triprolidine	Drug	RxNorm	Ingredient	S	10849	1970-01-01	2099-12-31		10849	ENG	8478921	DB00427	DRUGBANK	IN	DB00427	Triprolidine	N
62	19009405	19009405	vitamin D	Drug	RxNorm	Ingredient	S	11253	1970-01-01	2099-12-31		11253	ENG	9273171	DB11094	DRUGBANK	IN	DB11094	Vitamin D	N
63	911064	911064	zinc oxide	Drug	RxNorm	Ingredient	S	11423	1970-01-01	2099-12-31		11423	ENG	8388983	DB09321	DRUGBANK	IN	DB09321	Zinc oxide	N
64	19014202	19014202	alfacalcidol	Drug	RxNorm	Ingredient	S	12062	1970-01-01	2099-12-31		12062	ENG	8534662	DB01436	DRUGBANK	IN	DB01436	Alfacalcidol	N
65	1529331	1529331	acarbose	Drug	RxNorm	Ingredient	S	16681	1970-01-01	2099-12-31		16681	ENG	8555932	DB00284	DRUGBANK	IN	DB00284	Acarbose	N
66	930021	930021	alfuzosin	Drug	RxNorm	Ingredient	S	17300	1970-01-01	2099-12-31		17300	ENG	8608161	DB00346	DRUGBANK	IN	DB00346	Alfuzosin	N
67	19032619	19032619	amorolfine	Drug	RxNorm	Ingredient	S	17804	1970-01-01	2099-12-31		17804	ENG	9718812	DB09056	DRUGBANK	IN	DB09056	Amorolfine	N
68	934075	934075	azelastine	Drug	RxNorm	Ingredient	S	18603	1970-01-01	2099-12-31		18603	ENG	8456055	DB00972	DRUGBANK	IN	DB00972	Azelastine	N
69	19050375	19050375	ciprofibrate	Drug	RxNorm	Ingredient	S	21149	1970-01-01	2099-12-31		21149	ENG	9718814	DB09064	DRUGBANK	IN	DB09064	Ciprofibrate	N
70	950435	950435	citric acid	Drug	RxNorm	Ingredient	S	21183	1970-01-01	2099-12-31		21183	ENG	11424872	DB04272	DRUGBANK	IN	DB04272	Citric acid	N
71	990009	990009	dipivefrin	Drug	RxNorm	Ingredient	S	23410	1970-01-01	2099-12-31		23410	ENG	8326050	DB00449	DRUGBANK	IN	DB00449	Dipivefrin	N
72	996541	996541	fluocinolone	Drug	RxNorm	Ingredient	S	25126	1970-01-01	2099-12-31		25126	ENG	9245978	DB12553	DRUGBANK	IN	DB12553	Fluocinolone	N
73	1103518	1103518	isometheptene	Drug	RxNorm	Ingredient	S	27946	1970-01-01	2099-12-31		27946	ENG	8571137	DB06706	DRUGBANK	IN	DB06706	Isometheptene	N
74	1107830	1107830	loratadine	Drug	RxNorm	Ingredient	S	28889	1970-01-01	2099-12-31		28889	ENG	8509565	DB00455	DRUGBANK	IN	DB00455	Loratadine	N
75	1308216	1308216	lisinopril	Drug	RxNorm	Ingredient	S	29046	1970-01-01	2099-12-31		29046	ENG	8547386	DB00722	DRUGBANK	IN	DB00722	Lisinopril	N
76	19008994	19008994	mebeverine	Drug	RxNorm	Ingredient	S	29410	1970-01-01	2099-12-31		29410	ENG	9245979	DB12554	DRUGBANK	IN	DB12554	Mebeverine	N
77	938061	938061	selenium sulfide	Drug	RxNorm	Ingredient	S	36345	1970-01-01	2099-12-31		36345	ENG	8602566	DB00971	DRUGBANK	IN	DB00971	Selenium Sulfide	N
78	939506	939506	sodium bicarbonate	Drug	RxNorm	Ingredient	S	36676	1970-01-01	2099-12-31		36676	ENG	8380284	DB01390	DRUGBANK	IN	DB01390	Sodium bicarbonate	N
79	19041933	19041933	tibolone	Drug	RxNorm	Ingredient	S	38260	1970-01-01	2099-12-31		38260	ENG	8694142	DB09070	DRUGBANK	IN	DB09070	Tibolone	N
80	19042445	19042445	tramazoline	Drug	RxNorm	Ingredient	S	38453	1970-01-01	2099-12-31		38453	ENG	9246573	DB13064	DRUGBANK	IN	DB13064	Tramazoline	N
81	1150770	1150770	astemizole	Drug	RxNorm	Ingredient	S	42328	1970-01-01	2099-12-31		42328	ENG	8680892	DB00637	DRUGBANK	IN	DB00637	Astemizole	N
82	1150871	1150871	misoprostol	Drug	RxNorm	Ingredient	S	42331	1970-01-01	2099-12-31		42331	ENG	8506048	DB00929	DRUGBANK	IN	DB00929	Misoprostol	N
83	750982	750982	bupropion	Drug	RxNorm	Ingredient	S	42347	1970-01-01	2099-12-31		42347	ENG	8509096	DB01156	DRUGBANK	IN	DB01156	Bupropion	N
84	751412	751412	fluvoxamine	Drug	RxNorm	Ingredient	S	42355	1970-01-01	2099-12-31		42355	ENG	8663055	DB00176	DRUGBANK	IN	DB00176	Fluvoxamine	N
85	1351541	1351541	leuprolide	Drug	RxNorm	Ingredient	S	42375	1970-01-01	2099-12-31		42375	ENG	8646100	DB00007	DRUGBANK	IN	DB00007	Leuprolide	N
86	979096	979096	zinc acetate	Drug	RxNorm	Ingredient	S	58295	1970-01-01	2099-12-31		58295	ENG	10289138	DB14487	DRUGBANK	IN	DB14487	Zinc acetate	N
87	1704183	1704183	lamivudine	Drug	RxNorm	Ingredient	S	68244	1970-01-01	2099-12-31		68244	ENG	8531854	DB00709	DRUGBANK	IN	DB00709	Lamivudine	N
88	19017742	19017742	febuxostat	Drug	RxNorm	Ingredient	S	73689	2009-03-01	2099-12-31		73689	ENG	8374032	DB04854	DRUGBANK	IN	DB04854	Febuxostat	N
89	19043959	19043959	acamprosate	Drug	RxNorm	Ingredient	S	82819	1970-01-01	2099-12-31		82819	ENG	8414874	DB00659	DRUGBANK	IN	DB00659	Acamprosate	N
90	1550023	1550023	insulin lispro	Drug	RxNorm	Ingredient	S	86009	1970-01-01	2099-12-31		86009	ENG	11802131	DB00046	DRUGBANK	IN	DB00046	Insulin lispro	N
91	1154077	1154077	rizatriptan	Drug	RxNorm	Ingredient	S	88014	1970-01-01	2099-12-31		88014	ENG	8544890	DB00953	DRUGBANK	IN	DB00953	Rizatriptan	N
92	19058343	19058343	phenoxyethanol	Drug	RxNorm	Ingredient	S	89552	1970-01-01	2099-12-31		89552	ENG	9276217	DB11304	DRUGBANK	IN	DB11304	Phenoxyethanol	N
93	913782	913782	tolterodine	Drug	RxNorm	Ingredient	S	119565	1970-01-01	2099-12-31		119565	ENG	8312020	DB01036	DRUGBANK	IN	DB01036	Tolterodine	N
94	1151789	1151789	etanercept	Drug	RxNorm	Ingredient	S	214555	1970-01-01	2099-12-31		214555	ENG	8622888	DB00005	DRUGBANK	IN	DB00005	Etanercept	N
95	1189754	1189754	rofecoxib	Drug	RxNorm	Ingredient	S	232158	1970-01-01	2099-12-31		232158	ENG	8715297	DB00533	DRUGBANK	IN	DB00533	Rofecoxib	N
96	990499	990499	sodium phosphate, monobasic	Drug	RxNorm	Ingredient	S	235496	1970-01-01	2099-12-31		235496	ENG	10287924	DB09449	DRUGBANK	IN	DB09449	Sodium phosphate, monobasic	N
97	990499	990499	sodium phosphate, monobasic	Drug	RxNorm	Ingredient	S	235496	1970-01-01	2099-12-31		235496	ENG	10289199	DB14503	DRUGBANK	IN	DB14503	Sodium phosphate, monobasic, unspecified form	N
98	19055492	19055492	Capsicum oleoresin	Drug	RxNorm	Ingredient	S	235787	1970-01-01	2099-12-31		235787	ENG	9276101	DB11131	DRUGBANK	IN	DB11131	Capsicum oleoresin	N
99	1596977	1596977	insulin, regular, human	Drug	RxNorm	Ingredient	S	253182	1970-01-01	2099-12-31		253182	ENG	11445116	DB00030	DRUGBANK	IN	DB00030	Insulin human	N
100	904453	904453	esomeprazole	Drug	RxNorm	Ingredient	S	283742	1970-01-01	2099-12-31		283742	ENG	8540682	DB00736	DRUGBANK	IN	DB00736	Esomeprazole	N
101	19008361	19008361	tacalcitol	Drug	RxNorm	Ingredient	S	291204	1970-01-01	2099-12-31		291204	ENG	9718968	DB13689	DRUGBANK	IN	DB13689	Tacalcitol	N
102	19005046	19005046	pyridoxine	Drug	RxNorm	Ingredient	S	684879	2007-12-30	2099-12-31		684879	ENG	8324105	DB00165	DRUGBANK	IN	DB00165	Pyridoxine	N
103	40239216	40239216	linagliptin	Drug	RxNorm	Ingredient	S	1100699	2011-06-05	2099-12-31		1100699	ENG	8428633	DB08882	DRUGBANK	IN	DB08882	Linagliptin	N
104	1139042	1139042	acetylcysteine	Drug	RxNorm	Ingredient	S	197	1970-01-01	2099-12-31		197	ENG	8596765	DB06151	DRUGBANK	IN	DB06151	Acetylcysteine	N
105	710062	710062	amitriptyline	Drug	RxNorm	Ingredient	S	704	1970-01-01	2099-12-31		704	ENG	8399162	DB00321	DRUGBANK	IN	DB00321	Amitriptyline	N
106	919204	919204	amylase	Drug	RxNorm	Ingredient	S	743	1970-01-01	2099-12-31		743	ENG	10267855	DB11065	DRUGBANK	IN	DB11065	Pancrelipase amylase	N
107	951237	951237	antazoline	Drug	RxNorm	Ingredient	S	865	1970-01-01	2099-12-31		865	ENG	8453035	DB08799	DRUGBANK	IN	DB08799	Antazoline	N
108	915175	915175	bacitracin	Drug	RxNorm	Ingredient	S	1291	1970-01-01	2099-12-31		1291	ENG	8543179	DB00626	DRUGBANK	IN	DB00626	Bacitracin	N
109	19016463	19016463	benserazide	Drug	RxNorm	Ingredient	S	1374	1970-01-01	2099-12-31		1374	ENG	9246225	DB12783	DRUGBANK	IN	DB12783	Benserazide	N
110	918172	918172	benzoyl peroxide	Drug	RxNorm	Ingredient	S	1418	1970-01-01	2099-12-31		1418	ENG	8630145	DB09096	DRUGBANK	IN	DB09096	Benzoyl peroxide	N
111	19019620	19019620	benzydamine	Drug	RxNorm	Ingredient	S	1425	1970-01-01	2099-12-31		1425	ENG	8619206	DB09084	DRUGBANK	IN	DB09084	Benzydamine	N
112	924939	924939	bisacodyl	Drug	RxNorm	Ingredient	S	1596	1970-01-01	2099-12-31		1596	ENG	8315953	DB09020	DRUGBANK	IN	DB09020	Bisacodyl	N
113	19035704	19035704	calcium carbonate	Drug	RxNorm	Ingredient	S	1897	1970-01-01	2099-12-31		1897	ENG	11445168	DB06724	DRUGBANK	IN	DB06724	Calcium carbonate	N
114	19037401	19037401	calcium phosphate	Drug	RxNorm	Ingredient	S	1919	1970-01-01	2099-12-31		1919	ENG	9244974	DB11348	DRUGBANK	IN	DB11348	Calcium Phosphate	N
115	740275	740275	carbamazepine	Drug	RxNorm	Ingredient	S	2002	1970-01-01	2099-12-31		2002	ENG	8303969	DB00564	DRUGBANK	IN	DB00564	Carbamazepine	N
116	740560	740560	carbidopa	Drug	RxNorm	Ingredient	S	2019	1970-01-01	2099-12-31		2019	ENG	8607307	DB00190	DRUGBANK	IN	DB00190	Carbidopa	N
117	1768849	1768849	cefaclor	Drug	RxNorm	Ingredient	S	2176	1970-01-01	2099-12-31		2176	ENG	8663729	DB00833	DRUGBANK	IN	DB00833	Cefaclor	N
118	1778162	1778162	cefuroxime	Drug	RxNorm	Ingredient	S	2194	1970-01-01	2099-12-31		2194	ENG	8644924	DB01112	DRUGBANK	IN	DB01112	Cefuroxime	N
119	990678	990678	chlordiazepoxide	Drug	RxNorm	Ingredient	S	2356	1970-01-01	2099-12-31		2356	ENG	8314162	DB00475	DRUGBANK	IN	DB00475	Chlordiazepoxide	N
120	1792429	1792429	proguanil	Drug	RxNorm	Ingredient	S	2382	1970-01-01	2099-12-31		2382	ENG	8361330	DB01131	DRUGBANK	IN	DB01131	Proguanil	N
121	997276	997276	cimetidine	Drug	RxNorm	Ingredient	S	2541	1970-01-01	2099-12-31		2541	ENG	8571473	DB00501	DRUGBANK	IN	DB00501	Cimetidine	N
122	798834	798834	clomipramine	Drug	RxNorm	Ingredient	S	2597	1970-01-01	2099-12-31		2597	ENG	8549405	DB01242	DRUGBANK	IN	DB01242	Clomipramine	N
123	798874	798874	clonazepam	Drug	RxNorm	Ingredient	S	2598	1970-01-01	2099-12-31		2598	ENG	8397774	DB01068	DRUGBANK	IN	DB01068	Clonazepam	N
124	19071128	19071128	copper	Drug	RxNorm	Ingredient	S	2837	1970-01-01	2099-12-31		2837	ENG	8501980	DB09130	DRUGBANK	IN	DB09130	Copper	N
125	1310317	1310317	cyclophosphamide	Drug	RxNorm	Ingredient	S	3002	1970-01-01	2099-12-31		3002	ENG	8639510	DB00531	DRUGBANK	IN	DB00531	Cyclophosphamide	N
126	1326303	1326303	digoxin	Drug	RxNorm	Ingredient	S	3407	1970-01-01	2099-12-31		3407	ENG	8446004	DB00390	DRUGBANK	IN	DB00390	Digoxin	N
127	735850	735850	disulfiram	Drug	RxNorm	Ingredient	S	3554	1970-01-01	2099-12-31		3554	ENG	8366498	DB00822	DRUGBANK	IN	DB00822	Disulfiram	N
128	19040060	19040060	dydrogesterone	Drug	RxNorm	Ingredient	S	3706	1970-01-01	2099-12-31		3706	ENG	8384430	DB00378	DRUGBANK	IN	DB00378	Dydrogesterone	N
129	1341927	1341927	enalapril	Drug	RxNorm	Ingredient	S	3827	1970-01-01	2099-12-31		3827	ENG	8454935	DB00584	DRUGBANK	IN	DB00584	Enalapril	N
130	1549080	1549080	estrogens, conjugated (USP)	Drug	RxNorm	Ingredient	S	4099	1970-01-01	2099-12-31		4099	ENG	9193788	DB00286	DRUGBANK	IN	DB00286	Conjugated estrogens	N
131	1153928	1153928	fenoprofen	Drug	RxNorm	Ingredient	S	4331	1970-01-01	2099-12-31		4331	ENG	8609681	DB00573	DRUGBANK	IN	DB00573	Fenoprofen	N
132	1754994	1754994	fluconazole	Drug	RxNorm	Ingredient	S	4450	1970-01-01	2099-12-31		4450	ENG	8544973	DB00196	DRUGBANK	IN	DB00196	Fluconazole	N
133	955583	955583	fluorometholone	Drug	RxNorm	Ingredient	S	4491	1970-01-01	2099-12-31		4491	ENG	8629446	DB00324	DRUGBANK	IN	DB00324	Fluorometholone	N
134	974166	974166	hydrochlorothiazide	Drug	RxNorm	Ingredient	S	5487	1970-01-01	2099-12-31		5487	ENG	8530444	DB00999	DRUGBANK	IN	DB00999	Hydrochlorothiazide	N
135	1377141	1377141	hydroxyurea	Drug	RxNorm	Ingredient	S	5552	1970-01-01	2099-12-31		5552	ENG	8604407	DB01005	DRUGBANK	IN	DB01005	Hydroxyurea	N
136	978555	978555	indapamide	Drug	RxNorm	Ingredient	S	5764	1970-01-01	2099-12-31		5764	ENG	8445910	DB00808	DRUGBANK	IN	DB00808	Indapamide	N
137	991876	991876	loperamide	Drug	RxNorm	Ingredient	S	6468	1970-01-01	2099-12-31		6468	ENG	8618699	DB00836	DRUGBANK	IN	DB00836	Loperamide	N
138	791967	791967	lorazepam	Drug	RxNorm	Ingredient	S	6470	1970-01-01	2099-12-31		6470	ENG	8612257	DB00186	DRUGBANK	IN	DB00186	Lorazepam	N
139	992956	992956	magnesium hydroxide	Drug	RxNorm	Ingredient	S	6581	1970-01-01	2099-12-31		6581	ENG	9733968	DB09104	DRUGBANK	IN	DB09104	Magnesium hydroxide	N
140	1506270	1506270	methylprednisolone	Drug	RxNorm	Ingredient	S	6902	1970-01-01	2099-12-31		6902	ENG	8605212	DB00959	DRUGBANK	IN	DB00959	Methylprednisolone	N
141	1707164	1707164	metronidazole	Drug	RxNorm	Ingredient	S	6922	1970-01-01	2099-12-31		6922	ENG	8268254	DB00916	DRUGBANK	IN	DB00916	Metronidazole	N
142	1307542	1307542	mexiletine	Drug	RxNorm	Ingredient	S	6926	1970-01-01	2099-12-31		6926	ENG	8386904	DB00379	DRUGBANK	IN	DB00379	Mexiletine	N
143	1112921	1112921	ipratropium	Drug	RxNorm	Ingredient	S	7213	1970-01-01	2099-12-31		7213	ENG	10277692	DB00332	DRUGBANK	IN	DB00332	Ipratropium	N
144	1313200	1313200	nadolol	Drug	RxNorm	Ingredient	S	7226	1970-01-01	2099-12-31		7226	ENG	8600132	DB01203	DRUGBANK	IN	DB01203	Nadolol	N
145	718583	718583	nicotine	Drug	RxNorm	Ingredient	S	7407	1970-01-01	2099-12-31		7407	ENG	8354539	DB00184	DRUGBANK	IN	DB00184	Nicotine	N
146	1318853	1318853	nifedipine	Drug	RxNorm	Ingredient	S	7417	1970-01-01	2099-12-31		7417	ENG	8600268	DB01115	DRUGBANK	IN	DB01115	Nifedipine	N
147	724394	724394	orphenadrine	Drug	RxNorm	Ingredient	S	7715	1970-01-01	2099-12-31		7715	ENG	8456974	DB01173	DRUGBANK	IN	DB01173	Orphenadrine	N
148	1729720	1729720	penicillin V	Drug	RxNorm	Ingredient	S	7984	1970-01-01	2099-12-31		7984	ENG	8265900	DB00417	DRUGBANK	IN	DB00417	Phenoxymethylpenicillin	N
149	1331247	1331247	pentoxifylline	Drug	RxNorm	Ingredient	S	8013	1970-01-01	2099-12-31		8013	ENG	8637470	DB00806	DRUGBANK	IN	DB00806	Pentoxifylline	N
150	732309	732309	pergolide	Drug	RxNorm	Ingredient	S	8047	1970-01-01	2099-12-31		8047	ENG	8436747	DB01186	DRUGBANK	IN	DB01186	Pergolide	N
151	19043395	19043395	phosphorus	Drug	RxNorm	Ingredient	S	8263	1970-01-01	2099-12-31		8263	ENG	10288027	DB14151	DRUGBANK	IN	DB14151	Phosphorus	N
152	964407	964407	salicylic acid	Drug	RxNorm	Ingredient	S	9525	1970-01-01	2099-12-31		9525	ENG	8686624	DB00936	DRUGBANK	IN	DB00936	Salicylic acid	N
153	966282	966282	selenium	Drug	RxNorm	Ingredient	S	9641	1970-01-01	2099-12-31		9641	ENG	8731186	DB11135	DRUGBANK	IN	DB11135	Selenium	N
154	1370109	1370109	sotalol	Drug	RxNorm	Ingredient	S	9947	1970-01-01	2099-12-31		9947	ENG	8272553	DB00489	DRUGBANK	IN	DB00489	Sotalol	N
155	19070224	19070224	soybean oil	Drug	RxNorm	Ingredient	S	9949	1970-01-01	2099-12-31		9949	ENG	8478270	DB09422	DRUGBANK	IN	DB09422	Soybean oil	N
156	1036487	1036487	sulfathiazole	Drug	RxNorm	Ingredient	S	10193	1970-01-01	2099-12-31		10193	ENG	8675456	DB06147	DRUGBANK	IN	DB06147	Sulfathiazole	N
157	1502855	1502855	tolbutamide	Drug	RxNorm	Ingredient	S	10635	1970-01-01	2099-12-31		10635	ENG	8409601	DB01124	DRUGBANK	IN	DB01124	Tolbutamide	N
158	1303425	1303425	tranexamic acid	Drug	RxNorm	Ingredient	S	10691	1970-01-01	2099-12-31		10691	ENG	10785437	DB00302	DRUGBANK	IN	DB00302	Tranexamic acid	N
159	703547	703547	trazodone	Drug	RxNorm	Ingredient	S	10737	1970-01-01	2099-12-31		10737	ENG	8357425	DB00656	DRUGBANK	IN	DB00656	Trazodone	N
160	903643	903643	tretinoin	Drug	RxNorm	Ingredient	S	10753	1970-01-01	2099-12-31		10753	ENG	8282492	DB00755	DRUGBANK	IN	DB00755	Tretinoin	N
161	903963	903963	triamcinolone	Drug	RxNorm	Ingredient	S	10759	1970-01-01	2099-12-31		10759	ENG	8473659	DB00620	DRUGBANK	IN	DB00620	Triamcinolone	N
162	904542	904542	triamterene	Drug	RxNorm	Ingredient	S	10763	1970-01-01	2099-12-31		10763	ENG	8379712	DB00384	DRUGBANK	IN	DB00384	Triamterene	N
163	906914	906914	urea	Drug	RxNorm	Ingredient	S	11002	1970-01-01	2099-12-31		11002	ENG	8314692	DB03904	DRUGBANK	IN	DB03904	Urea	N
164	1512674	1512674	drospirenone	Drug	RxNorm	Ingredient	S	11636	1970-01-01	2099-12-31		11636	ENG	8605629	DB01395	DRUGBANK	IN	DB01395	Drospirenone	N
165	19020002	19020002	vigabatrin	Drug	RxNorm	Ingredient	S	14851	1970-01-01	2099-12-31		14851	ENG	8423408	DB01080	DRUGBANK	IN	DB01080	Vigabatrin	N
166	725131	725131	mirtazapine	Drug	RxNorm	Ingredient	S	15996	1970-01-01	2099-12-31		15996	ENG	8480823	DB00370	DRUGBANK	IN	DB00370	Mirtazapine	N
167	19030059	19030059	alginic acid	Drug	RxNorm	Ingredient	S	17305	1970-01-01	2099-12-31		17305	ENG	9273341	DB13518	DRUGBANK	IN	DB13518	Alginic acid	N
168	934262	934262	balsalazide	Drug	RxNorm	Ingredient	S	18747	1970-01-01	2099-12-31		18747	ENG	8625550	DB01014	DRUGBANK	IN	DB01014	Balsalazide	N
169	1346823	1346823	carvedilol	Drug	RxNorm	Ingredient	S	20352	1970-01-01	2099-12-31		20352	ENG	8455886	DB01136	DRUGBANK	IN	DB01136	Carvedilol	N
170	19049145	19049145	celiprolol	Drug	RxNorm	Ingredient	S	20498	1970-01-01	2099-12-31		20498	ENG	8608503	DB04846	DRUGBANK	IN	DB04846	Celiprolol	N
171	19086560	19086560	danthron	Drug	RxNorm	Ingredient	S	22293	1970-01-01	2099-12-31		22293	ENG	10786570	DB04816	DRUGBANK	IN	DB04816	Dantron	N
172	1189596	1189596	dihydrocodeine	Drug	RxNorm	Ingredient	S	23088	1970-01-01	2099-12-31		23088	ENG	8530208	DB01551	DRUGBANK	IN	DB01551	Dihydrocodeine	N
173	1101898	1101898	leflunomide	Drug	RxNorm	Ingredient	S	27169	1970-01-01	2099-12-31		27169	ENG	8392898	DB01097	DRUGBANK	IN	DB01097	Leflunomide	N
174	1703653	1703653	itraconazole	Drug	RxNorm	Ingredient	S	28031	1970-01-01	2099-12-31		28031	ENG	8298515	DB01167	DRUGBANK	IN	DB01167	Itraconazole	N
175	908464	908464	magnesium carbonate	Drug	RxNorm	Ingredient	S	29155	1970-01-01	2099-12-31		29155	ENG	8504584	DB09481	DRUGBANK	IN	DB09481	Magnesium carbonate	N
176	908730	908730	magnesium trisilicate	Drug	RxNorm	Ingredient	S	29170	1970-01-01	2099-12-31		29170	ENG	10791083	DB09281	DRUGBANK	IN	DB09281	Magnesium trisilicate	N
177	1314577	1314577	nebivolol	Drug	RxNorm	Ingredient	S	31555	1970-01-01	2099-12-31		31555	ENG	8543245	DB04861	DRUGBANK	IN	DB04861	Nebivolol	N
178	1114620	1114620	nedocromil	Drug	RxNorm	Ingredient	S	31563	1970-01-01	2099-12-31		31563	ENG	8304178	DB00716	DRUGBANK	IN	DB00716	Nedocromil	N
179	1515774	1515774	norgestimate	Drug	RxNorm	Ingredient	S	31994	1970-01-01	2099-12-31		31994	ENG	8296476	DB00957	DRUGBANK	IN	DB00957	Norgestimate	N
180	916282	916282	olsalazine	Drug	RxNorm	Ingredient	S	32385	1970-01-01	2099-12-31		32385	ENG	8410709	DB01250	DRUGBANK	IN	DB01250	Olsalazine	N
181	19018882	19018882	oxitropium	Drug	RxNorm	Ingredient	S	32649	1970-01-01	2099-12-31		32649	ENG	9245457	DB12086	DRUGBANK	IN	DB12086	Oxitropium	N
182	722031	722031	paroxetine	Drug	RxNorm	Ingredient	S	32937	1970-01-01	2099-12-31		32937	ENG	8558437	DB00715	DRUGBANK	IN	DB00715	Paroxetine	N
183	922868	922868	permethrin	Drug	RxNorm	Ingredient	S	33199	1970-01-01	2099-12-31		33199	ENG	8546459	DB04930	DRUGBANK	IN	DB04930	Permethrin	N
184	19024213	19024213	pholcodine	Drug	RxNorm	Ingredient	S	33431	1970-01-01	2099-12-31		33431	ENG	8625596	DB09209	DRUGBANK	IN	DB09209	Pholcodine	N
185	1331235	1331235	quinapril	Drug	RxNorm	Ingredient	S	35208	1970-01-01	2099-12-31		35208	ENG	8469038	DB00881	DRUGBANK	IN	DB00881	Quinapril	N
186	1539403	1539403	simvastatin	Drug	RxNorm	Ingredient	S	36567	1970-01-01	2099-12-31		36567	ENG	8403759	DB00641	DRUGBANK	IN	DB00641	Simvastatin	N
187	1140643	1140643	sumatriptan	Drug	RxNorm	Ingredient	S	37418	1970-01-01	2099-12-31		37418	ENG	8308212	DB00669	DRUGBANK	IN	DB00669	Sumatriptan	N
188	741530	741530	orlistat	Drug	RxNorm	Ingredient	S	37925	1970-01-01	2099-12-31		37925	ENG	8335320	DB01083	DRUGBANK	IN	DB01083	Orlistat	N
189	948078	948078	pantoprazole	Drug	RxNorm	Ingredient	S	40790	1970-01-01	2099-12-31		40790	ENG	8338406	DB00213	DRUGBANK	IN	DB00213	Pantoprazole	N
190	951511	951511	mupirocin	Drug	RxNorm	Ingredient	S	42372	1970-01-01	2099-12-31		42372	ENG	8322132	DB00410	DRUGBANK	IN	DB00410	Mupirocin	N
191	1363749	1363749	fosinopril	Drug	RxNorm	Ingredient	S	50166	1970-01-01	2099-12-31		50166	ENG	8641193	DB00492	DRUGBANK	IN	DB00492	Fosinopril	N
192	778474	778474	tizanidine	Drug	RxNorm	Ingredient	S	57258	1970-01-01	2099-12-31		57258	ENG	8435592	DB00697	DRUGBANK	IN	DB00697	Tizanidine	N
193	1703603	1703603	famciclovir	Drug	RxNorm	Ingredient	S	68099	1970-01-01	2099-12-31		68099	ENG	8380201	DB00426	DRUGBANK	IN	DB00426	Famciclovir	N
194	1308842	1308842	valsartan	Drug	RxNorm	Ingredient	S	69749	1970-01-01	2099-12-31		69749	ENG	8423279	DB00177	DRUGBANK	IN	DB00177	Valsartan	N
195	1545958	1545958	atorvastatin	Drug	RxNorm	Ingredient	S	83367	1970-01-01	2099-12-31		83367	ENG	8267258	DB01076	DRUGBANK	IN	DB01076	Atorvastatin	N
196	1347384	1347384	irbesartan	Drug	RxNorm	Ingredient	S	83818	1970-01-01	2099-12-31		83818	ENG	8508716	DB01029	DRUGBANK	IN	DB01029	Irbesartan	N
197	1748921	1748921	ritonavir	Drug	RxNorm	Ingredient	S	85762	1970-01-01	2099-12-31		85762	ENG	8493482	DB00503	DRUGBANK	IN	DB00503	Ritonavir	N
198	915542	915542	brimonidine	Drug	RxNorm	Ingredient	S	134615	1970-01-01	2099-12-31		134615	ENG	8350930	DB00484	DRUGBANK	IN	DB00484	Brimonidine	N
199	19015802	19015802	lercanidipine	Drug	RxNorm	Ingredient	S	135056	1970-01-01	2099-12-31		135056	ENG	8508970	DB00528	DRUGBANK	IN	DB00528	Lercanidipine	N
200	1118117	1118117	naratriptan	Drug	RxNorm	Ingredient	S	141366	1970-01-01	2099-12-31		141366	ENG	8297784	DB00952	DRUGBANK	IN	DB00952	Naratriptan	N
201	1385800	1385800	yohimbine	Drug	RxNorm	Ingredient	S	220982	1970-01-01	2099-12-31		220982	ENG	8459307	DB01392	DRUGBANK	IN	DB01392	Yohimbine	N
202	989482	989482	dutasteride	Drug	RxNorm	Ingredient	S	228790	1970-01-01	2099-12-31		228790	ENG	8598130	DB01126	DRUGBANK	IN	DB01126	Dutasteride	N
203	40163615	40163615	dronedarone	Drug	RxNorm	Ingredient	S	233698	2009-08-02	2099-12-31		233698	ENG	8596947	DB04855	DRUGBANK	IN	DB04855	Dronedarone	N
204	1799139	1799139	oseltamivir	Drug	RxNorm	Ingredient	S	260101	1970-01-01	2099-12-31		260101	ENG	8442829	DB00198	DRUGBANK	IN	DB00198	Oseltamivir	N
205	1703069	1703069	emtricitabine	Drug	RxNorm	Ingredient	S	276237	1970-01-01	2099-12-31		276237	ENG	8534873	DB00879	DRUGBANK	IN	DB00879	Emtricitabine	N
206	1710281	1710281	tenofovir disoproxil	Drug	RxNorm	Ingredient	S	300195	1970-01-01	2099-12-31		300195	ENG	9244699	DB00300	DRUGBANK	IN	DB00300	Tenofovir disoproxil	N
207	1510813	1510813	rosuvastatin	Drug	RxNorm	Ingredient	S	301542	1970-01-01	2099-12-31		301542	ENG	8370605	DB01098	DRUGBANK	IN	DB01098	Rosuvastatin	N
208	1311276	1311276	vardenafil	Drug	RxNorm	Ingredient	S	306674	1970-01-01	2099-12-31		306674	ENG	8521070	DB00862	DRUGBANK	IN	DB00862	Vardenafil	N
209	1336926	1336926	tadalafil	Drug	RxNorm	Ingredient	S	358263	1970-01-01	2099-12-31		358263	ENG	8486326	DB00820	DRUGBANK	IN	DB00820	Tadalafil	N
210	1548111	1548111	cinacalcet	Drug	RxNorm	Ingredient	S	407990	1970-01-01	2099-12-31		407990	ENG	8494169	DB01012	DRUGBANK	IN	DB01012	Cinacalcet	N
211	1756831	1756831	darunavir	Drug	RxNorm	Ingredient	S	460132	2006-11-19	2099-12-31		460132	ENG	8336758	DB01264	DRUGBANK	IN	DB01264	Darunavir	N
212	780442	780442	varenicline	Drug	RxNorm	Ingredient	S	591622	2006-07-09	2099-12-31		591622	ENG	8630541	DB01273	DRUGBANK	IN	DB01273	Varenicline	N
213	1712889	1712889	raltegravir	Drug	RxNorm	Ingredient	S	719872	2007-12-30	2099-12-31		719872	ENG	8616792	DB06817	DRUGBANK	IN	DB06817	Raltegravir	N
214	42898572	42898572	carbomer homopolymer type c	Drug	RxNorm	Ingredient	S	1305738	2012-10-01	2099-12-31		1305738	ENG	10277911	DB14091	DRUGBANK	IN	DB14091	Carbomer homopolymer type C	N
215	43013024	43013024	apixaban	Drug	RxNorm	Ingredient	S	1364430	2013-02-04	2099-12-31		1364430	ENG	8350727	DB06605	DRUGBANK	IN	DB06605	Apixaban	N
216	46221581	46221581	insulin isophane	Drug	RxNorm	Ingredient	S	1605101	2015-05-04	2099-12-31		1605101	ENG	12851523	DB18001	DRUGBANK	IN	DB18001	Neutral Protamine Hagedorn (NPH) insulin	N
217	991382	991382	amiloride	Drug	RxNorm	Ingredient	S	644	1970-01-01	2099-12-31		644	ENG	8618733	DB00594	DRUGBANK	IN	DB00594	Amiloride	N
218	1105775	1105775	aminophylline	Drug	RxNorm	Ingredient	S	689	1970-01-01	2099-12-31		689	ENG	8658063	DB01223	DRUGBANK	IN	DB01223	Aminophylline	N
219	19011773	19011773	ascorbic acid	Drug	RxNorm	Ingredient	S	1151	1970-01-01	2099-12-31		1151	ENG	10287818	DB00126	DRUGBANK	IN	DB00126	Ascorbic acid	N
220	1112807	1112807	aspirin	Drug	RxNorm	Ingredient	S	1191	1970-01-01	2099-12-31		1191	ENG	8437275	DB00945	DRUGBANK	IN	DB00945	Acetylsalicylic acid	N
221	1314002	1314002	atenolol	Drug	RxNorm	Ingredient	S	1202	1970-01-01	2099-12-31		1202	ENG	8507632	DB00335	DRUGBANK	IN	DB00335	Atenolol	N
222	715233	715233	baclofen	Drug	RxNorm	Ingredient	S	1292	1970-01-01	2099-12-31		1292	ENG	8421665	DB00181	DRUGBANK	IN	DB00181	Baclofen	N
223	916460	916460	benzalkonium	Drug	RxNorm	Ingredient	S	1378	1970-01-01	2099-12-31		1378	ENG	9273189	DB11105	DRUGBANK	IN	DB11105	Benzalkonium	N
224	917006	917006	benzocaine	Drug	RxNorm	Ingredient	S	1399	1970-01-01	2099-12-31		1399	ENG	8506057	DB01086	DRUGBANK	IN	DB01086	Benzocaine	N
225	932745	932745	bumetanide	Drug	RxNorm	Ingredient	S	1808	1970-01-01	2099-12-31		1808	ENG	8669488	DB00887	DRUGBANK	IN	DB00887	Bumetanide	N
226	1133201	1133201	buprenorphine	Drug	RxNorm	Ingredient	S	1819	1970-01-01	2099-12-31		1819	ENG	8687482	DB00921	DRUGBANK	IN	DB00921	Buprenorphine	N
227	733301	733301	buspirone	Drug	RxNorm	Ingredient	S	1827	1970-01-01	2099-12-31		1827	ENG	8405577	DB00490	DRUGBANK	IN	DB00490	Buspirone	N
228	19018544	19018544	calcium	Drug	RxNorm	Ingredient	S	1895	1970-01-01	2099-12-31		1895	ENG	8715348	DB01373	DRUGBANK	IN	DB01373	Calcium	N
229	1786842	1786842	cephradine	Drug	RxNorm	Ingredient	S	2239	1970-01-01	2099-12-31		2239	ENG	8347596	DB01333	DRUGBANK	IN	DB01333	Cefradine	N
230	1792515	1792515	chloroquine	Drug	RxNorm	Ingredient	S	2393	1970-01-01	2099-12-31		2393	ENG	8451072	DB00608	DRUGBANK	IN	DB00608	Chloroquine	N
231	1192710	1192710	chlorpheniramine	Drug	RxNorm	Ingredient	S	2400	1970-01-01	2099-12-31		2400	ENG	11445139	DB01114	DRUGBANK	IN	DB01114	Chlorpheniramine	N
232	19095164	19095164	cholecalciferol	Drug	RxNorm	Ingredient	S	2418	1970-01-01	2099-12-31		2418	ENG	8473626	DB00169	DRUGBANK	IN	DB00169	Cholecalciferol	N
233	1797513	1797513	ciprofloxacin	Drug	RxNorm	Ingredient	S	2551	1970-01-01	2099-12-31		2551	ENG	8502697	DB00537	DRUGBANK	IN	DB00537	Ciprofloxacin	N
234	1197677	1197677	clemastine	Drug	RxNorm	Ingredient	S	2578	1970-01-01	2099-12-31		2578	ENG	8309355	DB00283	DRUGBANK	IN	DB00283	Clemastine	N
235	997881	997881	clindamycin	Drug	RxNorm	Ingredient	S	2582	1970-01-01	2099-12-31		2582	ENG	8472450	DB01190	DRUGBANK	IN	DB01190	Clindamycin	N
236	1398937	1398937	clonidine	Drug	RxNorm	Ingredient	S	2599	1970-01-01	2099-12-31		2599	ENG	8309148	DB00575	DRUGBANK	IN	DB00575	Clonidine	N
237	800878	800878	clozapine	Drug	RxNorm	Ingredient	S	2626	1970-01-01	2099-12-31		2626	ENG	8497830	DB00363	DRUGBANK	IN	DB00363	Clozapine	N
238	19010015	19010015	cyclopenthiazide	Drug	RxNorm	Ingredient	S	3000	1970-01-01	2099-12-31		3000	ENG	10334360	DB13532	DRUGBANK	IN	DB13532	Cyclopenthiazide	N
239	1511449	1511449	danazol	Drug	RxNorm	Ingredient	S	3102	1970-01-01	2099-12-31		3102	ENG	8594892	DB01406	DRUGBANK	IN	DB01406	Danazol	N
240	723013	723013	diazepam	Drug	RxNorm	Ingredient	S	3322	1970-01-01	2099-12-31		3322	ENG	8634979	DB00829	DRUGBANK	IN	DB00829	Diazepam	N
241	923840	923840	dibucaine	Drug	RxNorm	Ingredient	S	3339	1970-01-01	2099-12-31		3339	ENG	8622445	DB00527	DRUGBANK	IN	DB00527	Cinchocaine	N
242	1124300	1124300	diclofenac	Drug	RxNorm	Ingredient	S	3355	1970-01-01	2099-12-31		3355	ENG	8269411	DB00586	DRUGBANK	IN	DB00586	Diclofenac	N
243	19026096	19026096	diflucortolone	Drug	RxNorm	Ingredient	S	3392	1970-01-01	2099-12-31		3392	ENG	8418001	DB09095	DRUGBANK	IN	DB09095	Difluocortolone	N
244	19037833	19037833	domperidone	Drug	RxNorm	Ingredient	S	3626	1970-01-01	2099-12-31		3626	ENG	8688529	DB01184	DRUGBANK	IN	DB01184	Domperidone	N
245	19037989	19037989	dothiepin	Drug	RxNorm	Ingredient	S	3634	1970-01-01	2099-12-31		3634	ENG	8666300	DB09167	DRUGBANK	IN	DB09167	Dosulepin	N
246	738156	738156	doxepin	Drug	RxNorm	Ingredient	S	3638	1970-01-01	2099-12-31		3638	ENG	8499001	DB01142	DRUGBANK	IN	DB01142	Doxepin	N
247	1738521	1738521	doxycycline	Drug	RxNorm	Ingredient	S	3640	1970-01-01	2099-12-31		3640	ENG	8528737	DB00254	DRUGBANK	IN	DB00254	Doxycycline	N
248	1353776	1353776	felodipine	Drug	RxNorm	Ingredient	S	4316	1970-01-01	2099-12-31		4316	ENG	8322825	DB01023	DRUGBANK	IN	DB01023	Felodipine	N
249	19053979	19053979	fenoterol	Drug	RxNorm	Ingredient	S	4333	1970-01-01	2099-12-31		4333	ENG	8533112	DB01288	DRUGBANK	IN	DB01288	Fenoterol	N
250	1354860	1354860	flecainide	Drug	RxNorm	Ingredient	S	4441	1970-01-01	2099-12-31		4441	ENG	8482784	DB01195	DRUGBANK	IN	DB01195	Flecainide	N
251	19055344	19055344	fluocortolone	Drug	RxNorm	Ingredient	S	4463	1970-01-01	2099-12-31		4463	ENG	8312329	DB08971	DRUGBANK	IN	DB08971	Fluocortolone	N
252	955632	955632	fluorouracil	Drug	RxNorm	Ingredient	S	4492	1970-01-01	2099-12-31		4492	ENG	8550808	DB00544	DRUGBANK	IN	DB00544	Fluorouracil	N
253	1361711	1361711	nitroglycerin	Drug	RxNorm	Ingredient	S	4917	1970-01-01	2099-12-31		4917	ENG	8681422	DB00727	DRUGBANK	IN	DB00727	Nitroglycerin	N
254	1763779	1763779	griseofulvin	Drug	RxNorm	Ingredient	S	5021	1970-01-01	2099-12-31		5021	ENG	8684412	DB00400	DRUGBANK	IN	DB00400	Griseofulvin	N
255	1376289	1376289	hydroflumethiazide	Drug	RxNorm	Ingredient	S	5495	1970-01-01	2099-12-31		5495	ENG	8360523	DB00774	DRUGBANK	IN	DB00774	Hydroflumethiazide	N
256	778268	778268	imipramine	Drug	RxNorm	Ingredient	S	5691	1970-01-01	2099-12-31		5691	ENG	8439067	DB00458	DRUGBANK	IN	DB00458	Imipramine	N
257	1178663	1178663	indomethacin	Drug	RxNorm	Ingredient	S	5781	1970-01-01	2099-12-31		5781	ENG	11445125	DB00328	DRUGBANK	IN	DB00328	Indomethacin	N
258	19078808	19078808	indoramin	Drug	RxNorm	Ingredient	S	5784	1970-01-01	2099-12-31		5784	ENG	8717185	DB08950	DRUGBANK	IN	DB08950	Indoramin	N
259	984232	984232	isotretinoin	Drug	RxNorm	Ingredient	S	6064	1970-01-01	2099-12-31		6064	ENG	8532352	DB00982	DRUGBANK	IN	DB00982	Isotretinoin	N
260	985708	985708	ketoconazole	Drug	RxNorm	Ingredient	S	6135	1970-01-01	2099-12-31		6135	ENG	8407501	DB01026	DRUGBANK	IN	DB01026	Ketoconazole	N
261	1185922	1185922	ketoprofen	Drug	RxNorm	Ingredient	S	6142	1970-01-01	2099-12-31		6142	ENG	8290460	DB01009	DRUGBANK	IN	DB01009	Ketoprofen	N
262	1589505	1589505	levonorgestrel	Drug	RxNorm	Ingredient	S	6373	1970-01-01	2099-12-31		6373	ENG	8292793	DB00367	DRUGBANK	IN	DB00367	Levonorgestrel	N
263	19124906	19124906	magnesium	Drug	RxNorm	Ingredient	S	6574	1970-01-01	2099-12-31		6574	ENG	10289222	DB14513	DRUGBANK	IN	DB14513	Magnesium	N
264	19093848	19093848	magnesium sulfate	Drug	RxNorm	Ingredient	S	6585	1970-01-01	2099-12-31		6585	ENG	9733913	DB00653	DRUGBANK	IN	DB00653	Magnesium sulfate	N
265	906780	906780	metoclopramide	Drug	RxNorm	Ingredient	S	6915	1970-01-01	2099-12-31		6915	ENG	8296806	DB01233	DRUGBANK	IN	DB01233	Metoclopramide	N
266	1115008	1115008	naproxen	Drug	RxNorm	Ingredient	S	7258	1970-01-01	2099-12-31		7258	ENG	8384562	DB00788	DRUGBANK	IN	DB00788	Naproxen	N
267	920293	920293	nitrofurantoin	Drug	RxNorm	Ingredient	S	7454	1970-01-01	2099-12-31		7454	ENG	8478865	DB00698	DRUGBANK	IN	DB00698	Nitrofurantoin	N
268	1521592	1521592	norgestrel	Drug	RxNorm	Ingredient	S	7518	1970-01-01	2099-12-31		7518	ENG	8667095	DB09389	DRUGBANK	IN	DB09389	Norgestrel	N
269	923645	923645	omeprazole	Drug	RxNorm	Ingredient	S	7646	1970-01-01	2099-12-31		7646	ENG	8633705	DB00338	DRUGBANK	IN	DB00338	Omeprazole	N
270	19026739	19026739	pantothenic acid	Drug	RxNorm	Ingredient	S	7891	1970-01-01	2099-12-31		7891	ENG	8715706	DB01783	DRUGBANK	IN	DB01783	Pantothenic acid	N
271	19033354	19033354	petrolatum	Drug	RxNorm	Ingredient	S	8091	1970-01-01	2099-12-31		8091	ENG	8616575	DB11058	DRUGBANK	IN	DB11058	Petrolatum	N
272	745790	745790	pimozide	Drug	RxNorm	Ingredient	S	8331	1970-01-01	2099-12-31		8331	ENG	8662810	DB01100	DRUGBANK	IN	DB01100	Pimozide	N
273	948582	948582	polymyxin B	Drug	RxNorm	Ingredient	S	8536	1970-01-01	2099-12-31		8536	ENG	10894659	DB00781	DRUGBANK	IN	DB00781	Polymyxin B	N
274	19049105	19049105	potassium chloride	Drug	RxNorm	Ingredient	S	8591	1970-01-01	2099-12-31		8591	ENG	10785970	DB00761	DRUGBANK	IN	DB00761	Potassium chloride	N
275	752061	752061	prochlorperazine	Drug	RxNorm	Ingredient	S	8704	1970-01-01	2099-12-31		8704	ENG	8480290	DB00433	DRUGBANK	IN	DB00433	Prochlorperazine	N
276	752276	752276	procyclidine	Drug	RxNorm	Ingredient	S	8718	1970-01-01	2099-12-31		8718	ENG	8527159	DB00387	DRUGBANK	IN	DB00387	Procyclidine	N
277	961047	961047	ranitidine	Drug	RxNorm	Ingredient	S	9143	1970-01-01	2099-12-31		9143	ENG	8668396	DB00863	DRUGBANK	IN	DB00863	Ranitidine	N
278	1036252	1036252	sulfacetamide	Drug	RxNorm	Ingredient	S	10169	1970-01-01	2099-12-31		10169	ENG	8535862	DB00634	DRUGBANK	IN	DB00634	Sulfacetamide	N
279	1836430	1836430	sulfamethoxazole	Drug	RxNorm	Ingredient	S	10180	1970-01-01	2099-12-31		10180	ENG	8682385	DB01015	DRUGBANK	IN	DB01015	Sulfamethoxazole	N
280	19137312	19137312	thiamine	Drug	RxNorm	Ingredient	S	10454	1970-01-01	2099-12-31		10454	ENG	8366922	DB00152	DRUGBANK	IN	DB00152	Thiamine	N
281	1103314	1103314	tramadol	Drug	RxNorm	Ingredient	S	10689	1970-01-01	2099-12-31		10689	ENG	8307658	DB00193	DRUGBANK	IN	DB00193	Tramadol	N
282	1704758	1704758	triclosan	Drug	RxNorm	Ingredient	S	10795	1970-01-01	2099-12-31		10795	ENG	8293874	DB08604	DRUGBANK	IN	DB08604	Triclosan	N
283	705755	705755	trimipramine	Drug	RxNorm	Ingredient	S	10834	1970-01-01	2099-12-31		10834	ENG	8573288	DB00726	DRUGBANK	IN	DB00726	Trimipramine	N
284	19008339	19008339	vitamin A	Drug	RxNorm	Ingredient	S	11246	1970-01-01	2099-12-31		11246	ENG	8687791	DB00162	DRUGBANK	IN	DB00162	Vitamin A	N
285	1308738	1308738	vitamin B12	Drug	RxNorm	Ingredient	S	11248	1970-01-01	2099-12-31		11248	ENG	8402354	DB00115	DRUGBANK	IN	DB00115	Cyanocobalamin	N
286	1310149	1310149	warfarin	Drug	RxNorm	Ingredient	S	11289	1970-01-01	2099-12-31		11289	ENG	8544269	DB00682	DRUGBANK	IN	DB00682	Warfarin	N
287	19010696	19010696	zinc	Drug	RxNorm	Ingredient	S	11416	1970-01-01	2099-12-31		11416	ENG	8540293	DB01593	DRUGBANK	IN	DB01593	Zinc	N
288	19029398	19029398	acemetacin	Drug	RxNorm	Ingredient	S	16695	1970-01-01	2099-12-31		16695	ENG	9698225	DB13783	DRUGBANK	IN	DB13783	Acemetacin	N
289	1332418	1332418	amlodipine	Drug	RxNorm	Ingredient	S	17767	1970-01-01	2099-12-31		17767	ENG	8343037	DB00381	DRUGBANK	IN	DB00381	Amlodipine	N
290	1149196	1149196	cetirizine	Drug	RxNorm	Ingredient	S	20610	1970-01-01	2099-12-31		20610	ENG	8601610	DB00341	DRUGBANK	IN	DB00341	Cetirizine	N
291	1750500	1750500	clarithromycin	Drug	RxNorm	Ingredient	S	21212	1970-01-01	2099-12-31		21212	ENG	8543314	DB01211	DRUGBANK	IN	DB01211	Clarithromycin	N
292	969276	969276	crotamiton	Drug	RxNorm	Ingredient	S	21766	1970-01-01	2099-12-31		21766	ENG	8278814	DB00265	DRUGBANK	IN	DB00265	Crotamiton	N
293	1588000	1588000	desogestrel	Drug	RxNorm	Ingredient	S	22656	1970-01-01	2099-12-31		22656	ENG	8376353	DB00304	DRUGBANK	IN	DB00304	Desogestrel	N
294	1195492	1195492	etodolac	Drug	RxNorm	Ingredient	S	24605	1970-01-01	2099-12-31		24605	ENG	8647510	DB00749	DRUGBANK	IN	DB00749	Etodolac	N
295	1196677	1196677	formoterol	Drug	RxNorm	Ingredient	S	25255	1970-01-01	2099-12-31		25255	ENG	8499473	DB00983	DRUGBANK	IN	DB00983	Formoterol	N
296	797399	797399	gabapentin	Drug	RxNorm	Ingredient	S	25480	1970-01-01	2099-12-31		25480	ENG	8384864	DB00996	DRUGBANK	IN	DB00996	Gabapentin	N
297	902251	902251	hypromellose	Drug	RxNorm	Ingredient	S	27334	1970-01-01	2099-12-31		27334	ENG	9273156	DB11075	DRUGBANK	IN	DB11075	Hypromellose	N
298	19003568	19003568	isopropyl myristate	Drug	RxNorm	Ingredient	S	27985	1970-01-01	2099-12-31		27985	ENG	9719068	DB13966	DRUGBANK	IN	DB13966	Isopropyl myristate	N
299	705103	705103	lamotrigine	Drug	RxNorm	Ingredient	S	28439	1970-01-01	2099-12-31		28439	ENG	8578326	DB00555	DRUGBANK	IN	DB00555	Lamotrigine	N
300	907553	907553	levocabastine	Drug	RxNorm	Ingredient	S	28627	1970-01-01	2099-12-31		28627	ENG	8619322	DB01106	DRUGBANK	IN	DB01106	Levocabastine	N
301	1507558	1507558	nafarelin	Drug	RxNorm	Ingredient	S	28656	1970-01-01	2099-12-31		28656	ENG	8607077	DB00666	DRUGBANK	IN	DB00666	Nafarelin	N
302	19007977	19007977	lormetazepam	Drug	RxNorm	Ingredient	S	28894	1970-01-01	2099-12-31		28894	ENG	9246668	DB13872	DRUGBANK	IN	DB13872	Lormetazepam	N
303	909440	909440	methyl salicylate	Drug	RxNorm	Ingredient	S	29787	1970-01-01	2099-12-31		29787	ENG	8278272	DB09543	DRUGBANK	IN	DB09543	Methyl salicylate	N
304	1113648	1113648	nabumetone	Drug	RxNorm	Ingredient	S	31448	1970-01-01	2099-12-31		31448	ENG	8342660	DB00461	DRUGBANK	IN	DB00461	Nabumetone	N
305	714684	714684	nefazodone	Drug	RxNorm	Ingredient	S	31565	1970-01-01	2099-12-31		31565	ENG	8536243	DB01149	DRUGBANK	IN	DB01149	Nefazodone	N
306	19014977	19014977	nicorandil	Drug	RxNorm	Ingredient	S	31748	1970-01-01	2099-12-31		31748	ENG	8362898	DB09220	DRUGBANK	IN	DB09220	Nicorandil	N
307	1525215	1525215	pioglitazone	Drug	RxNorm	Ingredient	S	33738	1970-01-01	2099-12-31		33738	ENG	8387604	DB01132	DRUGBANK	IN	DB01132	Pioglitazone	N
308	19027080	19027080	potassium bicarbonate	Drug	RxNorm	Ingredient	S	34296	1970-01-01	2099-12-31		34296	ENG	9244972	DB11098	DRUGBANK	IN	DB11098	Potassium bicarbonate	N
309	1337107	1337107	ranolazine	Drug	RxNorm	Ingredient	S	35829	2006-04-02	2099-12-31		35829	ENG	8511532	DB00243	DRUGBANK	IN	DB00243	Ranolazine	N
310	1137529	1137529	salmeterol	Drug	RxNorm	Ingredient	S	36117	1970-01-01	2099-12-31		36117	ENG	8437708	DB00938	DRUGBANK	IN	DB00938	Salmeterol	N
311	739363	739363	sibutramine	Drug	RxNorm	Ingredient	S	36514	1970-01-01	2099-12-31		36514	ENG	8379533	DB01105	DRUGBANK	IN	DB01105	Sibutramine	N
312	1741309	1741309	terbinafine	Drug	RxNorm	Ingredient	S	37801	1970-01-01	2099-12-31		37801	ENG	8283651	DB00857	DRUGBANK	IN	DB00857	Terbinafine	N
313	1149380	1149380	fluticasone	Drug	RxNorm	Ingredient	S	41126	1970-01-01	2099-12-31		41126	ENG	9718980	DB13867	DRUGBANK	IN	DB13867	Fluticasone	N
314	1150345	1150345	meloxicam	Drug	RxNorm	Ingredient	S	41493	1970-01-01	2099-12-31		41493	ENG	8575753	DB00814	DRUGBANK	IN	DB00814	Meloxicam	N
315	1150836	1150836	terfenadine	Drug	RxNorm	Ingredient	S	42330	1970-01-01	2099-12-31		42330	ENG	8715240	DB00342	DRUGBANK	IN	DB00342	Terfenadine	N
316	1551860	1551860	pravastatin	Drug	RxNorm	Ingredient	S	42463	1970-01-01	2099-12-31		42463	ENG	8314085	DB00175	DRUGBANK	IN	DB00175	Pravastatin	N
317	19057607	19057607	amisulpride	Drug	RxNorm	Ingredient	S	46303	1970-01-01	2099-12-31		46303	ENG	8419212	DB06288	DRUGBANK	IN	DB06288	Amisulpride	N
318	981709	981709	dorzolamide	Drug	RxNorm	Ingredient	S	60207	1970-01-01	2099-12-31		60207	ENG	8330315	DB00869	DRUGBANK	IN	DB00869	Dorzolamide	N
319	1513103	1513103	raloxifene	Drug	RxNorm	Ingredient	S	72143	1970-01-01	2099-12-31		72143	ENG	8642181	DB00481	DRUGBANK	IN	DB00481	Raloxifene	N
320	1315946	1315946	letrozole	Drug	RxNorm	Ingredient	S	72965	1970-01-01	2099-12-31		72965	ENG	8641775	DB01006	DRUGBANK	IN	DB01006	Letrozole	N
321	941258	941258	docusate	Drug	RxNorm	Ingredient	S	82003	1970-01-01	2099-12-31		82003	ENG	9273166	DB11089	DRUGBANK	IN	DB11089	Docusate	N
322	19135825	19135825	chloral betaine	Drug	RxNorm	Ingredient	S	89808	1970-01-01	2099-12-31		89808	ENG	8715499	DB01494	DRUGBANK	IN	DB01494	Chloral betaine	N
323	19005129	19005129	clobetasone	Drug	RxNorm	Ingredient	S	108074	1970-01-01	2099-12-31		108074	ENG	8701953	DB13158	DRUGBANK	IN	DB13158	Clobetasone	N
324	1116031	1116031	zolmitriptan	Drug	RxNorm	Ingredient	S	135775	1970-01-01	2099-12-31		135775	ENG	8622750	DB00315	DRUGBANK	IN	DB00315	Zolmitriptan	N
325	733523	733523	rivastigmine	Drug	RxNorm	Ingredient	S	183379	1970-01-01	2099-12-31		183379	ENG	8349848	DB00989	DRUGBANK	IN	DB00989	Rivastigmine	N
326	1703063	1703063	valganciclovir	Drug	RxNorm	Ingredient	S	275891	1970-01-01	2099-12-31		275891	ENG	8453814	DB01610	DRUGBANK	IN	DB01610	Valganciclovir	N
327	1304107	1304107	imatinib	Drug	RxNorm	Ingredient	S	282388	1970-01-01	2099-12-31		282388	ENG	8343607	DB00619	DRUGBANK	IN	DB00619	Imatinib	N
328	904525	904525	bimatoprost	Drug	RxNorm	Ingredient	S	283810	1970-01-01	2099-12-31		283810	ENG	8274248	DB00905	DRUGBANK	IN	DB00905	Bimatoprost	N
329	19011355	19011355	etoricoxib	Drug	RxNorm	Ingredient	S	307296	1970-01-01	2099-12-31		307296	ENG	8274327	DB01628	DRUGBANK	IN	DB01628	Etoricoxib	N
330	916005	916005	solifenacin	Drug	RxNorm	Ingredient	S	322167	1970-01-01	2099-12-31		322167	ENG	8526765	DB01591	DRUGBANK	IN	DB01591	Solifenacin	N
331	916662	916662	dimethicone	Drug	RxNorm	Ingredient	S	324072	1970-01-01	2099-12-31		324072	ENG	9273148	DB11074	DRUGBANK	IN	DB11074	Dimethicone	N
332	1526475	1526475	ezetimibe	Drug	RxNorm	Ingredient	S	341248	1970-01-01	2099-12-31		341248	ENG	8345877	DB00973	DRUGBANK	IN	DB00973	Ezetimibe	N
333	40234201	40234201	butylscopolamine	Drug	RxNorm	Ingredient	S	1085787	2011-02-06	2099-12-31		1085787	ENG	9704361	DB09300	DRUGBANK	IN	DB09300	Butylscopolamine	N
334	40239330	40239330	telaprevir	Drug	RxNorm	Ingredient	S	1102261	2011-06-05	2099-12-31		1102261	ENG	8590803	DB05521	DRUGBANK	IN	DB05521	Telaprevir	N
335	40242675	40242675	crizotinib	Drug	RxNorm	Ingredient	S	1148495	2011-10-02	2099-12-31		1148495	ENG	8666560	DB08865	DRUGBANK	IN	DB08865	Crizotinib	N
336	1436650	1436650	mercaptopurine	Drug	RxNorm	Ingredient	S	103	1970-01-01	2099-12-31		103	ENG	8277726	DB01033	DRUGBANK	IN	DB01033	Mercaptopurine	N
337	1713332	1713332	amoxicillin	Drug	RxNorm	Ingredient	S	723	1970-01-01	2099-12-31		723	ENG	8582363	DB01060	DRUGBANK	IN	DB01060	Amoxicillin	N
338	19016435	19016435	benorilate	Drug	RxNorm	Ingredient	S	1372	1970-01-01	2099-12-31		1372	ENG	10779215	DB13657	DRUGBANK	IN	DB13657	Benorilate	N
339	920458	920458	betamethasone	Drug	RxNorm	Ingredient	S	1514	1970-01-01	2099-12-31		1514	ENG	8511413	DB00443	DRUGBANK	IN	DB00443	Betamethasone	N
340	19024770	19024770	biotin	Drug	RxNorm	Ingredient	S	1588	1970-01-01	2099-12-31		1588	ENG	8647511	DB00121	DRUGBANK	IN	DB00121	Biotin	N
341	1130863	1130863	brompheniramine	Drug	RxNorm	Ingredient	S	1767	1970-01-01	2099-12-31		1767	ENG	8405007	DB00835	DRUGBANK	IN	DB00835	Brompheniramine	N
342	19037038	19037038	calcium gluconate	Drug	RxNorm	Ingredient	S	1908	1970-01-01	2099-12-31		1908	ENG	8694358	DB11126	DRUGBANK	IN	DB11126	Calcium gluconate	N
343	19040606	19040606	carbimazole	Drug	RxNorm	Ingredient	S	2020	1970-01-01	2099-12-31		2020	ENG	8289863	DB00389	DRUGBANK	IN	DB00389	Carbimazole	N
344	1786621	1786621	cephalexin	Drug	RxNorm	Ingredient	S	2231	1970-01-01	2099-12-31		2231	ENG	8295849	DB00567	DRUGBANK	IN	DB00567	Cephalexin	N
345	990069	990069	chloramphenicol	Drug	RxNorm	Ingredient	S	2348	1970-01-01	2099-12-31		2348	ENG	8348068	DB00446	DRUGBANK	IN	DB00446	Chloramphenicol	N
346	1790812	1790812	chlorhexidine	Drug	RxNorm	Ingredient	S	2358	1970-01-01	2099-12-31		2358	ENG	8436156	DB00878	DRUGBANK	IN	DB00878	Chlorhexidine	N
347	19061821	19061821	chromium	Drug	RxNorm	Ingredient	S	2496	1970-01-01	2099-12-31		2496	ENG	9276102	DB11136	DRUGBANK	IN	DB11136	Chromium	N
348	19010482	19010482	cyclosporine	Drug	RxNorm	Ingredient	S	3008	1970-01-01	2099-12-31		3008	ENG	11452620	DB00091	DRUGBANK	IN	DB00091	Cyclosporine	N
349	19010955	19010955	cysteine	Drug	RxNorm	Ingredient	S	3024	1970-01-01	2099-12-31		3024	ENG	11812483	DB00151	DRUGBANK	IN	DB00151	Cysteine	N
350	917336	917336	desoximetasone	Drug	RxNorm	Ingredient	S	3255	1970-01-01	2099-12-31		3255	ENG	8549762	DB00547	DRUGBANK	IN	DB00547	Desoximetasone	N
351	1518254	1518254	dexamethasone	Drug	RxNorm	Ingredient	S	3264	1970-01-01	2099-12-31		3264	ENG	8604480	DB01234	DRUGBANK	IN	DB01234	Dexamethasone	N
352	924724	924724	dicyclomine	Drug	RxNorm	Ingredient	S	3361	1970-01-01	2099-12-31		3361	ENG	8564494	DB00804	DRUGBANK	IN	DB00804	Dicyclomine	N
353	1126128	1126128	diflunisal	Drug	RxNorm	Ingredient	S	3393	1970-01-01	2099-12-31		3393	ENG	8575159	DB00861	DRUGBANK	IN	DB00861	Diflunisal	N
354	1328165	1328165	diltiazem	Drug	RxNorm	Ingredient	S	3443	1970-01-01	2099-12-31		3443	ENG	8570454	DB00343	DRUGBANK	IN	DB00343	Diltiazem	N
355	1343916	1343916	epinephrine	Drug	RxNorm	Ingredient	S	3992	1970-01-01	2099-12-31		3992	ENG	8369551	DB00668	DRUGBANK	IN	DB00668	Epinephrine	N
356	1145379	1145379	ergotamine	Drug	RxNorm	Ingredient	S	4025	1970-01-01	2099-12-31		4025	ENG	8307541	DB00696	DRUGBANK	IN	DB00696	Ergotamine	N
357	1746940	1746940	erythromycin	Drug	RxNorm	Ingredient	S	4053	1970-01-01	2099-12-31		4053	ENG	8555482	DB00199	DRUGBANK	IN	DB00199	Erythromycin	N
358	19049038	19049038	estriol	Drug	RxNorm	Ingredient	S	4094	1970-01-01	2099-12-31		4094	ENG	8673525	DB04573	DRUGBANK	IN	DB04573	Estriol	N
359	1549786	1549786	ethinyl estradiol	Drug	RxNorm	Ingredient	S	4124	1970-01-01	2099-12-31		4124	ENG	10334082	DB00977	DRUGBANK	IN	DB00977	Ethinylestradiol	N
360	757627	757627	galantamine	Drug	RxNorm	Ingredient	S	4637	1970-01-01	2099-12-31		4637	ENG	8597607	DB00674	DRUGBANK	IN	DB00674	Galantamine	N
361	1559684	1559684	glyburide	Drug	RxNorm	Ingredient	S	4815	1970-01-01	2099-12-31		4815	ENG	8278069	DB01016	DRUGBANK	IN	DB01016	Glyburide	N
362	975125	975125	hydrocortisone	Drug	RxNorm	Ingredient	S	5492	1970-01-01	2099-12-31		5492	ENG	8612969	DB00741	DRUGBANK	IN	DB00741	Hydrocortisone	N
363	777221	777221	hydroxyzine	Drug	RxNorm	Ingredient	S	5553	1970-01-01	2099-12-31		5553	ENG	8462771	DB00557	DRUGBANK	IN	DB00557	Hydroxyzine	N
364	1780601	1780601	iodine	Drug	RxNorm	Ingredient	S	5933	1970-01-01	2099-12-31		5933	ENG	9193946	DB05382	DRUGBANK	IN	DB05382	Iodine	N
365	980867	980867	clioquinol	Drug	RxNorm	Ingredient	S	5942	1970-01-01	2099-12-31		5942	ENG	8715871	DB04815	DRUGBANK	IN	DB04815	Clioquinol	N
366	789578	789578	levodopa	Drug	RxNorm	Ingredient	S	6375	1970-01-01	2099-12-31		6375	ENG	8268090	DB01235	DRUGBANK	IN	DB01235	Levodopa	N
367	989878	989878	lidocaine	Drug	RxNorm	Ingredient	S	6387	1970-01-01	2099-12-31		6387	ENG	8436177	DB00281	DRUGBANK	IN	DB00281	Lidocaine	N
368	990760	990760	lipase	Drug	RxNorm	Ingredient	S	6406	1970-01-01	2099-12-31		6406	ENG	9160410	DB13147	DRUGBANK	IN	DB13147	Pancrelipase lipase	N
369	19092353	19092353	lymecycline	Drug	RxNorm	Ingredient	S	6513	1970-01-01	2099-12-31		6513	ENG	8439704	DB00256	DRUGBANK	IN	DB00256	Lymecycline	N
370	993979	993979	malathion	Drug	RxNorm	Ingredient	S	6606	1970-01-01	2099-12-31		6606	ENG	8596216	DB00772	DRUGBANK	IN	DB00772	Malathion	N
371	1794280	1794280	mebendazole	Drug	RxNorm	Ingredient	S	6672	1970-01-01	2099-12-31		6672	ENG	8618145	DB00643	DRUGBANK	IN	DB00643	Mebendazole	N
372	901656	901656	menthol	Drug	RxNorm	Ingredient	S	6750	1970-01-01	2099-12-31		6750	ENG	12713217	DB14123	DRUGBANK	IN	DB14123	Menthol	N
373	1503297	1503297	metformin	Drug	RxNorm	Ingredient	S	6809	1970-01-01	2099-12-31		6809	ENG	8381393	DB00331	DRUGBANK	IN	DB00331	Metformin	N
374	704943	704943	methocarbamol	Drug	RxNorm	Ingredient	S	6845	1970-01-01	2099-12-31		6845	ENG	8468398	DB00423	DRUGBANK	IN	DB00423	Methocarbamol	N
375	705944	705944	methylphenidate	Drug	RxNorm	Ingredient	S	6901	1970-01-01	2099-12-31		6901	ENG	8589009	DB00422	DRUGBANK	IN	DB00422	Methylphenidate	N
376	908523	908523	mineral oil	Drug	RxNorm	Ingredient	S	6972	1970-01-01	2099-12-31		6972	ENG	9273130	DB11057	DRUGBANK	IN	DB11057	Mineral oil	N
377	1114220	1114220	naloxone	Drug	RxNorm	Ingredient	S	7242	1970-01-01	2099-12-31		7242	ENG	8332890	DB01183	DRUGBANK	IN	DB01183	Naloxone	N
378	19018419	19018419	niacinamide	Drug	RxNorm	Ingredient	S	7405	1970-01-01	2099-12-31		7405	ENG	8309204	DB02701	DRUGBANK	IN	DB02701	Nicotinamide	N
379	19020021	19020021	nitrazepam	Drug	RxNorm	Ingredient	S	7440	1970-01-01	2099-12-31		7440	ENG	8644629	DB01595	DRUGBANK	IN	DB01595	Nitrazepam	N
380	1521369	1521369	norethindrone	Drug	RxNorm	Ingredient	S	7514	1970-01-01	2099-12-31		7514	ENG	8651124	DB00717	DRUGBANK	IN	DB00717	Norethisterone	N
381	923081	923081	ofloxacin	Drug	RxNorm	Ingredient	S	7623	1970-01-01	2099-12-31		7623	ENG	8660590	DB01165	DRUGBANK	IN	DB01165	Ofloxacin	N
382	925952	925952	oxytetracycline	Drug	RxNorm	Ingredient	S	7821	1970-01-01	2099-12-31		7821	ENG	8377186	DB00595	DRUGBANK	IN	DB00595	Oxytetracycline	N
383	19028050	19028050	penicillamine	Drug	RxNorm	Ingredient	S	7975	1970-01-01	2099-12-31		7975	ENG	8374392	DB00859	DRUGBANK	IN	DB00859	Penicillamine	N
384	1130585	1130585	pentazocine	Drug	RxNorm	Ingredient	S	8001	1970-01-01	2099-12-31		8001	ENG	8317009	DB00652	DRUGBANK	IN	DB00652	Pentazocine	N
385	931973	931973	protease	Drug	RxNorm	Ingredient	S	8031	1970-01-01	2099-12-31		8031	ENG	10267860	DB11066	DRUGBANK	IN	DB11066	Pancrelipase protease	N
386	734275	734275	phenobarbital	Drug	RxNorm	Ingredient	S	8134	1970-01-01	2099-12-31		8134	ENG	8364991	DB01174	DRUGBANK	IN	DB01174	Phenobarbital	N
387	740910	740910	phenytoin	Drug	RxNorm	Ingredient	S	8183	1970-01-01	2099-12-31		8183	ENG	8612654	DB00252	DRUGBANK	IN	DB00252	Phenytoin	N
388	945913	945913	pine tar	Drug	RxNorm	Ingredient	S	8333	1970-01-01	2099-12-31		8333	ENG	12439192	DB15840	DRUGBANK	IN	DB15840	Pine tar	N
389	19046291	19046291	piperazine	Drug	RxNorm	Ingredient	S	8340	1970-01-01	2099-12-31		8340	ENG	8581786	DB00592	DRUGBANK	IN	DB00592	Piperazine	N
390	947651	947651	podophyllin	Drug	RxNorm	Ingredient	S	8462	1970-01-01	2099-12-31		8462	ENG	8361435	DB09094	DRUGBANK	IN	DB09094	Podophyllin	N
391	1350489	1350489	prazosin	Drug	RxNorm	Ingredient	S	8629	1970-01-01	2099-12-31		8629	ENG	8650378	DB00457	DRUGBANK	IN	DB00457	Prazosin	N
392	1153013	1153013	promethazine	Drug	RxNorm	Ingredient	S	8745	1970-01-01	2099-12-31		8745	ENG	8273839	DB01069	DRUGBANK	IN	DB01069	Promethazine	N
393	1353766	1353766	propranolol	Drug	RxNorm	Ingredient	S	8787	1970-01-01	2099-12-31		8787	ENG	8534683	DB00571	DRUGBANK	IN	DB00571	Propranolol	N
394	19060400	19060400	quinacrine	Drug	RxNorm	Ingredient	S	9061	1970-01-01	2099-12-31		9061	ENG	8397059	DB01103	DRUGBANK	IN	DB01103	Quinacrine	N
395	1760616	1760616	quinine	Drug	RxNorm	Ingredient	S	9071	1970-01-01	2099-12-31		9071	ENG	8267769	DB00468	DRUGBANK	IN	DB00468	Quinine	N
396	1436678	1436678	tamoxifen	Drug	RxNorm	Ingredient	S	10324	1970-01-01	2099-12-31		10324	ENG	8310345	DB00675	DRUGBANK	IN	DB00675	Tamoxifen	N
397	1036690	1036690	tannic acid	Drug	RxNorm	Ingredient	S	10328	1970-01-01	2099-12-31		10328	ENG	8443575	DB09372	DRUGBANK	IN	DB09372	Tannic acid	N
398	1236744	1236744	terbutaline	Drug	RxNorm	Ingredient	S	10368	1970-01-01	2099-12-31		10368	ENG	8387155	DB00871	DRUGBANK	IN	DB00871	Terbutaline	N
399	902427	902427	timolol	Drug	RxNorm	Ingredient	S	10600	1970-01-01	2099-12-31		10600	ENG	8519079	DB00373	DRUGBANK	IN	DB00373	Timolol	N
400	704984	704984	trifluoperazine	Drug	RxNorm	Ingredient	S	10800	1970-01-01	2099-12-31		10800	ENG	8675369	DB00831	DRUGBANK	IN	DB00831	Trifluoperazine	N
401	1307863	1307863	verapamil	Drug	RxNorm	Ingredient	S	11170	1970-01-01	2099-12-31		11170	ENG	8303572	DB00661	DRUGBANK	IN	DB00661	Verapamil	N
402	19030751	19030751	alverine	Drug	RxNorm	Ingredient	S	17627	1970-01-01	2099-12-31		17627	ENG	8391772	DB01616	DRUGBANK	IN	DB01616	Alverine	N
403	19018634	19018634	bisabolol	Drug	RxNorm	Ingredient	S	19461	1970-01-01	2099-12-31		19461	ENG	9704422	DB13153	DRUGBANK	IN	DB13153	Levomenol	N
404	937725	937725	bismuth subgallate	Drug	RxNorm	Ingredient	S	19476	1970-01-01	2099-12-31		19476	ENG	10268078	DB13909	DRUGBANK	IN	DB13909	Bismuth subgallate	N
405	939259	939259	budesonide	Drug	RxNorm	Ingredient	S	19831	1970-01-01	2099-12-31		19831	ENG	8360952	DB01222	DRUGBANK	IN	DB01222	Budesonide	N
406	1595799	1595799	ferrous fumarate	Drug	RxNorm	Ingredient	S	24941	1970-01-01	2099-12-31		24941	ENG	10289154	DB14491	DRUGBANK	IN	DB14491	Ferrous fumarate	N
407	19097684	19097684	gestodene	Drug	RxNorm	Ingredient	S	25734	1970-01-01	2099-12-31		25734	ENG	8646078	DB06730	DRUGBANK	IN	DB06730	Gestodene	N
408	908921	908921	calcipotriene	Drug	RxNorm	Ingredient	S	29365	1970-01-01	2099-12-31		29365	ENG	8467831	DB02300	DRUGBANK	IN	DB02300	Calcipotriol	N
409	913440	913440	nabilone	Drug	RxNorm	Ingredient	S	31447	1970-01-01	2099-12-31		31447	ENG	8558745	DB00486	DRUGBANK	IN	DB00486	Nabilone	N
410	1322184	1322184	clopidogrel	Drug	RxNorm	Ingredient	S	32968	1970-01-01	2099-12-31		32968	ENG	8617075	DB00758	DRUGBANK	IN	DB00758	Clopidogrel	N
411	19086712	19086712	peppermint oil	Drug	RxNorm	Ingredient	S	33094	1970-01-01	2099-12-31		33094	ENG	9273237	DB11198	DRUGBANK	IN	DB11198	Peppermint oil	N
412	922976	922976	Peruvian balsam	Drug	RxNorm	Ingredient	S	33219	1970-01-01	2099-12-31		33219	ENG	9704393	DB11482	DRUGBANK	IN	DB11482	Balsam of Peru	N
413	932196	932196	cisapride	Drug	RxNorm	Ingredient	S	35255	1970-01-01	2099-12-31		35255	ENG	8306083	DB00604	DRUGBANK	IN	DB00604	Cisapride	N
414	1334456	1334456	ramipril	Drug	RxNorm	Ingredient	S	35296	1970-01-01	2099-12-31		35296	ENG	8475136	DB00178	DRUGBANK	IN	DB00178	Ramipril	N
415	739138	739138	sertraline	Drug	RxNorm	Ingredient	S	36437	1970-01-01	2099-12-31		36437	ENG	8636055	DB01104	DRUGBANK	IN	DB01104	Sertraline	N
416	940541	940541	sulfabenzamide	Drug	RxNorm	Ingredient	S	37320	1970-01-01	2099-12-31		37320	ENG	9737869	DB09355	DRUGBANK	IN	DB09355	Sulfabenzamide	N
417	942028	942028	tioconazole	Drug	RxNorm	Ingredient	S	38298	1970-01-01	2099-12-31		38298	ENG	8582535	DB01007	DRUGBANK	IN	DB01007	Tioconazole	N
418	742267	742267	topiramate	Drug	RxNorm	Ingredient	S	38404	1970-01-01	2099-12-31		38404	ENG	8650189	DB00273	DRUGBANK	IN	DB00273	Topiramate	N
419	743670	743670	venlafaxine	Drug	RxNorm	Ingredient	S	39786	1970-01-01	2099-12-31		39786	ENG	8462454	DB00285	DRUGBANK	IN	DB00285	Venlafaxine	N
420	744740	744740	zolpidem	Drug	RxNorm	Ingredient	S	39993	1970-01-01	2099-12-31		39993	ENG	8631031	DB00425	DRUGBANK	IN	DB00425	Zolpidem	N
421	950637	950637	tacrolimus	Drug	RxNorm	Ingredient	S	42316	1970-01-01	2099-12-31		42316	ENG	8633373	DB00864	DRUGBANK	IN	DB00864	Tacrolimus	N
422	950696	950696	nizatidine	Drug	RxNorm	Ingredient	S	42319	1970-01-01	2099-12-31		42319	ENG	8543854	DB00585	DRUGBANK	IN	DB00585	Nizatidine	N
423	751246	751246	lithium carbonate	Drug	RxNorm	Ingredient	S	42351	1970-01-01	2099-12-31		42351	ENG	10289217	DB14509	DRUGBANK	IN	DB14509	Lithium carbonate	N
424	19058896	19058896	calcium lactate	Drug	RxNorm	Ingredient	S	47622	1970-01-01	2099-12-31		47622	ENG	9273339	DB13231	DRUGBANK	IN	DB13231	Calcium lactate	N
425	1366310	1366310	goserelin	Drug	RxNorm	Ingredient	S	50610	1970-01-01	2099-12-31		50610	ENG	8280663	DB00014	DRUGBANK	IN	DB00014	Goserelin	N
426	967496	967496	lodoxamide	Drug	RxNorm	Ingredient	S	52151	1970-01-01	2099-12-31		52151	ENG	8602887	DB06794	DRUGBANK	IN	DB06794	Lodoxamide	N
427	968426	968426	mesalamine	Drug	RxNorm	Ingredient	S	52582	1970-01-01	2099-12-31		52582	ENG	8672361	DB00244	DRUGBANK	IN	DB00244	Mesalazine	N
428	1373225	1373225	perindopril	Drug	RxNorm	Ingredient	S	54552	1970-01-01	2099-12-31		54552	ENG	8522153	DB00790	DRUGBANK	IN	DB00790	Perindopril	N
429	19076714	19076714	dibasic potassium phosphate	Drug	RxNorm	Ingredient	S	55018	1970-01-01	2099-12-31		55018	ENG	8453588	DB09414	DRUGBANK	IN	DB09414	Dipotassium phosphate	N
430	1301025	1301025	enoxaparin	Drug	RxNorm	Ingredient	S	67108	1970-01-01	2099-12-31		67108	ENG	8650638	DB01225	DRUGBANK	IN	DB01225	Enoxaparin	N
431	1742253	1742253	levofloxacin	Drug	RxNorm	Ingredient	S	82122	1970-01-01	2099-12-31		82122	ENG	8669626	DB01137	DRUGBANK	IN	DB01137	Levofloxacin	N
432	1360067	1360067	iron	Drug	RxNorm	Ingredient	S	90176	1970-01-01	2099-12-31		90176	ENG	8517161	DB01592	DRUGBANK	IN	DB01592	Iron	N
433	711584	711584	levetiracetam	Drug	RxNorm	Ingredient	S	114477	1970-01-01	2099-12-31		114477	ENG	8677363	DB01202	DRUGBANK	IN	DB01202	Levetiracetam	N
434	911735	911735	rabeprazole	Drug	RxNorm	Ingredient	S	114979	1970-01-01	2099-12-31		114979	ENG	8482578	DB01129	DRUGBANK	IN	DB01129	Rabeprazole	N
435	715997	715997	donepezil	Drug	RxNorm	Ingredient	S	135447	1970-01-01	2099-12-31		135447	ENG	8414249	DB00843	DRUGBANK	IN	DB00843	Donepezil	N
436	1118084	1118084	celecoxib	Drug	RxNorm	Ingredient	S	140587	1970-01-01	2099-12-31		140587	ENG	8607292	DB00482	DRUGBANK	IN	DB00482	Celecoxib	N
437	19024636	19024636	poloxamer 188	Drug	RxNorm	Ingredient	S	155152	1970-01-01	2099-12-31		155152	ENG	9276224	DB11333	DRUGBANK	IN	DB11333	Poloxamer 188	N
438	1337620	1337620	capecitabine	Drug	RxNorm	Ingredient	S	194000	1970-01-01	2099-12-31		194000	ENG	8300344	DB01101	DRUGBANK	IN	DB01101	Capecitabine	N
439	1738135	1738135	efavirenz	Drug	RxNorm	Ingredient	S	195085	1970-01-01	2099-12-31		195085	ENG	8661823	DB00625	DRUGBANK	IN	DB00625	Efavirenz	N
440	991825	991825	trospium	Drug	RxNorm	Ingredient	S	236778	1970-01-01	2099-12-31		236778	ENG	8489323	DB00209	DRUGBANK	IN	DB00209	Trospium	N
441	1398399	1398399	exemestane	Drug	RxNorm	Ingredient	S	258494	1970-01-01	2099-12-31		258494	ENG	8668711	DB00990	DRUGBANK	IN	DB00990	Exemestane	N
442	1317967	1317967	aliskiren	Drug	RxNorm	Ingredient	S	325646	2007-04-01	2099-12-31		325646	ENG	8508258	DB09026	DRUGBANK	IN	DB09026	Aliskiren	N
443	43531973	43531973	lanolin alcohols	Drug	RxNorm	Ingredient	S	1426478	2013-07-01	2099-12-31		1426478	ENG	10334520	DB14181	DRUGBANK	IN	DB14181	Lanolin alcohols	N
444	45892419	45892419	gentamicin	Drug	RxNorm	Ingredient	S	1596450	2015-03-02	2099-12-31		1596450	ENG	8541383	DB00798	DRUGBANK	IN	DB00798	Gentamicin	N
445	1125315	1125315	acetaminophen	Drug	RxNorm	Ingredient	S	161	1970-01-01	2099-12-31		161	ENG	8387161	DB00316	DRUGBANK	IN	DB00316	Acetaminophen	N
446	1703687	1703687	acyclovir	Drug	RxNorm	Ingredient	S	281	1970-01-01	2099-12-31		281	ENG	10267739	DB00787	DRUGBANK	IN	DB00787	Acyclovir	N
447	966376	966376	allantoin	Drug	RxNorm	Ingredient	S	508	1970-01-01	2099-12-31		508	ENG	9273178	DB11100	DRUGBANK	IN	DB11100	Allantoin	N
448	1167322	1167322	allopurinol	Drug	RxNorm	Ingredient	S	519	1970-01-01	2099-12-31		519	ENG	8311204	DB00437	DRUGBANK	IN	DB00437	Allopurinol	N
449	1381504	1381504	alprostadil	Drug	RxNorm	Ingredient	S	598	1970-01-01	2099-12-31		598	ENG	8511958	DB00770	DRUGBANK	IN	DB00770	Alprostadil	N
450	1717327	1717327	ampicillin	Drug	RxNorm	Ingredient	S	733	1970-01-01	2099-12-31		733	ENG	8508631	DB00415	DRUGBANK	IN	DB00415	Ampicillin	N
451	19136654	19136654	apazone	Drug	RxNorm	Ingredient	S	1029	1970-01-01	2099-12-31		1029	ENG	8717113	DB07402	DRUGBANK	IN	DB07402	Azapropazone	N
452	914335	914335	atropine	Drug	RxNorm	Ingredient	S	1223	1970-01-01	2099-12-31		1223	ENG	8340470	DB00572	DRUGBANK	IN	DB00572	Atropine	N
453	19014878	19014878	azathioprine	Drug	RxNorm	Ingredient	S	1256	1970-01-01	2099-12-31		1256	ENG	8332841	DB00993	DRUGBANK	IN	DB00993	Azathioprine	N
454	919681	919681	benzyl alcohol	Drug	RxNorm	Ingredient	S	1426	1970-01-01	2099-12-31		1426	ENG	8621025	DB06770	DRUGBANK	IN	DB06770	Benzyl alcohol	N
455	1322081	1322081	betaxolol	Drug	RxNorm	Ingredient	S	1520	1970-01-01	2099-12-31		1520	ENG	8562002	DB00195	DRUGBANK	IN	DB00195	Betaxolol	N
456	730548	730548	bromocriptine	Drug	RxNorm	Ingredient	S	1760	1970-01-01	2099-12-31		1760	ENG	8612602	DB01200	DRUGBANK	IN	DB01200	Bromocriptine	N
457	19041843	19041843	carbocysteine	Drug	RxNorm	Ingredient	S	2023	1970-01-01	2099-12-31		2023	ENG	8350980	DB04339	DRUGBANK	IN	DB04339	Carbocisteine	N
458	19092412	19092412	chlorobutanol	Drug	RxNorm	Ingredient	S	2378	1970-01-01	2099-12-31		2378	ENG	9704390	DB11386	DRUGBANK	IN	DB11386	Chlorobutanol	N
459	794852	794852	chlorpromazine	Drug	RxNorm	Ingredient	S	2403	1970-01-01	2099-12-31		2403	ENG	8441541	DB00477	DRUGBANK	IN	DB00477	Chlorpromazine	N
460	1395058	1395058	chlorthalidone	Drug	RxNorm	Ingredient	S	2409	1970-01-01	2099-12-31		2409	ENG	8688188	DB00310	DRUGBANK	IN	DB00310	Chlorthalidone	N
461	19095309	19095309	cholestyramine resin	Drug	RxNorm	Ingredient	S	2447	1970-01-01	2099-12-31		2447	ENG	8281022	DB01432	DRUGBANK	IN	DB01432	Cholestyramine	N
462	797617	797617	citalopram	Drug	RxNorm	Ingredient	S	2556	1970-01-01	2099-12-31		2556	ENG	8443429	DB00215	DRUGBANK	IN	DB00215	Citalopram	N
463	1000632	1000632	clotrimazole	Drug	RxNorm	Ingredient	S	2623	1970-01-01	2099-12-31		2623	ENG	8472526	DB00257	DRUGBANK	IN	DB00257	Clotrimazole	N
464	1201620	1201620	codeine	Drug	RxNorm	Ingredient	S	2670	1970-01-01	2099-12-31		2670	ENG	8451474	DB00318	DRUGBANK	IN	DB00318	Codeine	N
465	1101554	1101554	colchicine	Drug	RxNorm	Ingredient	S	2683	1970-01-01	2099-12-31		2683	ENG	8497871	DB01394	DRUGBANK	IN	DB01394	Colchicine	N
466	925102	925102	dienestrol	Drug	RxNorm	Ingredient	S	3368	1970-01-01	2099-12-31		3368	ENG	8409801	DB00890	DRUGBANK	IN	DB00890	Dienestrol	N
467	1331270	1331270	dipyridamole	Drug	RxNorm	Ingredient	S	3521	1970-01-01	2099-12-31		3521	ENG	8445839	DB00975	DRUGBANK	IN	DB00975	Dipyridamole	N
468	940864	940864	econazole	Drug	RxNorm	Ingredient	S	3743	1970-01-01	2099-12-31		3743	ENG	8610110	DB01127	DRUGBANK	IN	DB01127	Econazole	N
469	19045045	19045045	ergocalciferol	Drug	RxNorm	Ingredient	S	4018	1970-01-01	2099-12-31		4018	ENG	8302867	DB00153	DRUGBANK	IN	DB00153	Ergocalciferol	N
470	19054936	19054936	floxacillin	Drug	RxNorm	Ingredient	S	4448	1970-01-01	2099-12-31		4448	ENG	8508307	DB00301	DRUGBANK	IN	DB00301	Flucloxacillin	N
471	19055982	19055982	flupenthixol	Drug	RxNorm	Ingredient	S	4495	1970-01-01	2099-12-31		4495	ENG	8430227	DB00875	DRUGBANK	IN	DB00875	Flupentixol	N
472	19111620	19111620	folic acid	Drug	RxNorm	Ingredient	S	4511	1970-01-01	2099-12-31		4511	ENG	11424863	DB00158	DRUGBANK	IN	DB00158	Folic acid	N
473	19056694	19056694	framycetin	Drug	RxNorm	Ingredient	S	4556	1970-01-01	2099-12-31		4556	ENG	8329294	DB00452	DRUGBANK	IN	DB00452	Framycetin	N
474	1558242	1558242	gemfibrozil	Drug	RxNorm	Ingredient	S	4719	1970-01-01	2099-12-31		4719	ENG	8449569	DB01241	DRUGBANK	IN	DB01241	Gemfibrozil	N
475	766529	766529	haloperidol	Drug	RxNorm	Ingredient	S	5093	1970-01-01	2099-12-31		5093	ENG	8456256	DB00502	DRUGBANK	IN	DB00502	Haloperidol	N
476	1377023	1377023	hydroxocobalamin	Drug	RxNorm	Ingredient	S	5514	1970-01-01	2099-12-31		5514	ENG	8527542	DB00200	DRUGBANK	IN	DB00200	Hydroxocobalamin	N
477	1777087	1777087	hydroxychloroquine	Drug	RxNorm	Ingredient	S	5521	1970-01-01	2099-12-31		5521	ENG	8390883	DB01611	DRUGBANK	IN	DB01611	Hydroxychloroquine	N
478	19078156	19078156	idoxuridine	Drug	RxNorm	Ingredient	S	5653	1970-01-01	2099-12-31		5653	ENG	8282693	DB00249	DRUGBANK	IN	DB00249	Idoxuridine	N
479	19084696	19084696	juniper tar	Drug	RxNorm	Ingredient	S	6086	1970-01-01	2099-12-31		6086	ENG	12619583	DB16639	DRUGBANK	IN	DB16639	Juniper tar	N
480	993631	993631	magnesium oxide	Drug	RxNorm	Ingredient	S	6582	1970-01-01	2099-12-31		6582	ENG	8339496	DB01377	DRUGBANK	IN	DB01377	Magnesium oxide	N
481	1305058	1305058	methotrexate	Drug	RxNorm	Ingredient	S	6851	1970-01-01	2099-12-31		6851	ENG	8546218	DB00563	DRUGBANK	IN	DB00563	Methotrexate	N
482	1305447	1305447	methyldopa	Drug	RxNorm	Ingredient	S	6876	1970-01-01	2099-12-31		6876	ENG	8525129	DB00968	DRUGBANK	IN	DB00968	Methyldopa	N
483	19009896	19009896	molybdenum	Drug	RxNorm	Ingredient	S	7024	1970-01-01	2099-12-31		7024	ENG	9276103	DB11137	DRUGBANK	IN	DB11137	Molybdenum	N
484	1110410	1110410	morphine	Drug	RxNorm	Ingredient	S	7052	1970-01-01	2099-12-31		7052	ENG	8498628	DB00295	DRUGBANK	IN	DB00295	Morphine	N
485	915981	915981	neomycin	Drug	RxNorm	Ingredient	S	7299	1970-01-01	2099-12-31		7299	ENG	8496131	DB00994	DRUGBANK	IN	DB00994	Neomycin	N
486	1318137	1318137	nicardipine	Drug	RxNorm	Ingredient	S	7396	1970-01-01	2099-12-31		7396	ENG	8631959	DB00622	DRUGBANK	IN	DB00622	Nicardipine	N
487	1721543	1721543	norfloxacin	Drug	RxNorm	Ingredient	S	7517	1970-01-01	2099-12-31		7517	ENG	8581230	DB01059	DRUGBANK	IN	DB01059	Norfloxacin	N
488	922570	922570	nystatin	Drug	RxNorm	Ingredient	S	7597	1970-01-01	2099-12-31		7597	ENG	8528586	DB00646	DRUGBANK	IN	DB00646	Nystatin	N
489	1123995	1123995	metaproterenol	Drug	RxNorm	Ingredient	S	7688	1970-01-01	2099-12-31		7688	ENG	8470195	DB00816	DRUGBANK	IN	DB00816	Orciprenaline	N
490	724816	724816	oxazepam	Drug	RxNorm	Ingredient	S	7781	1970-01-01	2099-12-31		7781	ENG	8535747	DB00842	DRUGBANK	IN	DB00842	Oxazepam	N
491	1124957	1124957	oxycodone	Drug	RxNorm	Ingredient	S	7804	1970-01-01	2099-12-31		7804	ENG	8403757	DB00497	DRUGBANK	IN	DB00497	Oxycodone	N
492	948856	948856	polyvinyl alcohol	Drug	RxNorm	Ingredient	S	8570	1970-01-01	2099-12-31		8570	ENG	9273139	DB11060	DRUGBANK	IN	DB11060	Polyvinyl alcohol	N
493	751347	751347	primidone	Drug	RxNorm	Ingredient	S	8691	1970-01-01	2099-12-31		8691	ENG	8265312	DB00794	DRUGBANK	IN	DB00794	Primidone	N
494	1551803	1551803	fenofibrate	Drug	RxNorm	Ingredient	S	8703	1970-01-01	2099-12-31		8703	ENG	8326268	DB01039	DRUGBANK	IN	DB01039	Fenofibrate	N
495	19062817	19062817	riboflavin	Drug	RxNorm	Ingredient	S	9346	1970-01-01	2099-12-31		9346	ENG	8466256	DB00140	DRUGBANK	IN	DB00140	Riboflavin	N
496	964339	964339	sulfasalazine	Drug	RxNorm	Ingredient	S	9524	1970-01-01	2099-12-31		9524	ENG	8413278	DB00795	DRUGBANK	IN	DB00795	Sulfasalazine	N
497	966956	966956	silver sulfadiazine	Drug	RxNorm	Ingredient	S	9793	1970-01-01	2099-12-31		9793	ENG	8424857	DB05245	DRUGBANK	IN	DB05245	Silver sulfadiazine	N
498	967823	967823	sodium chloride	Drug	RxNorm	Ingredient	S	9863	1970-01-01	2099-12-31		9863	ENG	10895054	DB09153	DRUGBANK	IN	DB09153	Sodium chloride	N
499	836715	836715	temazepam	Drug	RxNorm	Ingredient	S	10355	1970-01-01	2099-12-31		10355	ENG	8306710	DB00231	DRUGBANK	IN	DB00231	Temazepam	N
500	1836948	1836948	tetracycline	Drug	RxNorm	Ingredient	S	10395	1970-01-01	2099-12-31		10395	ENG	8290933	DB00759	DRUGBANK	IN	DB00759	Tetracycline	N
501	700299	700299	thioridazine	Drug	RxNorm	Ingredient	S	10502	1970-01-01	2099-12-31		10502	ENG	8335374	DB00679	DRUGBANK	IN	DB00679	Thioridazine	N
502	19000537	19000537	threonine	Drug	RxNorm	Ingredient	S	10524	1970-01-01	2099-12-31		10524	ENG	11812488	DB00156	DRUGBANK	IN	DB00156	Threonine	N
503	1501700	1501700	levothyroxine	Drug	RxNorm	Ingredient	S	10582	1970-01-01	2099-12-31		10582	ENG	8357568	DB00451	DRUGBANK	IN	DB00451	Levothyroxine	N
504	902950	902950	tolnaftate	Drug	RxNorm	Ingredient	S	10637	1970-01-01	2099-12-31		10637	ENG	8481185	DB00525	DRUGBANK	IN	DB00525	Tolnaftate	N
505	1505346	1505346	liothyronine	Drug	RxNorm	Ingredient	S	10814	1970-01-01	2099-12-31		10814	ENG	8447959	DB00279	DRUGBANK	IN	DB00279	Liothyronine	N
506	19009540	19009540	vitamin E	Drug	RxNorm	Ingredient	S	11256	1970-01-01	2099-12-31		11256	ENG	8468788	DB00163	DRUGBANK	IN	DB00163	Vitamin E	N
507	19029393	19029393	aceclofenac	Drug	RxNorm	Ingredient	S	16689	1970-01-01	2099-12-31		16689	ENG	8701811	DB06736	DRUGBANK	IN	DB06736	Aceclofenac	N
508	929887	929887	lansoprazole	Drug	RxNorm	Ingredient	S	17128	1970-01-01	2099-12-31		17128	ENG	8639921	DB00448	DRUGBANK	IN	DB00448	Lansoprazole	N
509	19033278	19033278	peanut oil	Drug	RxNorm	Ingredient	S	18235	1970-01-01	2099-12-31		18235	ENG	9719055	DB13964	DRUGBANK	IN	DB13964	Peanut oil	N
510	19036946	19036946	benzyl benzoate	Drug	RxNorm	Ingredient	S	19044	1970-01-01	2099-12-31		19044	ENG	10824909	DB00676	DRUGBANK	IN	DB00676	Benzyl benzoate	N
511	1338005	1338005	bisoprolol	Drug	RxNorm	Ingredient	S	19484	1970-01-01	2099-12-31		19484	ENG	8592506	DB00612	DRUGBANK	IN	DB00612	Bisoprolol	N
512	1140123	1140123	acrivastine	Drug	RxNorm	Ingredient	S	19959	1970-01-01	2099-12-31		19959	ENG	8567456	DB09488	DRUGBANK	IN	DB09488	Acrivastine	N
513	19050216	19050216	cilazapril	Drug	RxNorm	Ingredient	S	21102	1970-01-01	2099-12-31		21102	ENG	8522510	DB01340	DRUGBANK	IN	DB01340	Cilazapril	N
514	1396012	1396012	ferrous gluconate	Drug	RxNorm	Ingredient	S	24942	1970-01-01	2099-12-31		24942	ENG	10289144	DB14488	DRUGBANK	IN	DB14488	Ferrous gluconate	N
515	996416	996416	finasteride	Drug	RxNorm	Ingredient	S	25025	1970-01-01	2099-12-31		25025	ENG	8382308	DB01216	DRUGBANK	IN	DB01216	Finasteride	N
516	1196514	1196514	flunisolide	Drug	RxNorm	Ingredient	S	25120	1970-01-01	2099-12-31		25120	ENG	8528581	DB00180	DRUGBANK	IN	DB00180	Flunisolide	N
517	19004539	19004539	lacidipine	Drug	RxNorm	Ingredient	S	28382	1970-01-01	2099-12-31		28382	ENG	8584452	DB09236	DRUGBANK	IN	DB09236	Lacidipine	N
518	19011021	19011021	moxonidine	Drug	RxNorm	Ingredient	S	30257	1970-01-01	2099-12-31		30257	ENG	8450521	DB09242	DRUGBANK	IN	DB09242	Moxonidine	N
519	918906	918906	oxybutynin	Drug	RxNorm	Ingredient	S	32675	1970-01-01	2099-12-31		32675	ENG	8477664	DB01062	DRUGBANK	IN	DB01062	Oxybutynin	N
520	929128	929128	propylene glycol	Drug	RxNorm	Ingredient	S	34693	1970-01-01	2099-12-31		34693	ENG	9183112	DB01839	DRUGBANK	IN	DB01839	Propylene glycol	N
521	735979	735979	risperidone	Drug	RxNorm	Ingredient	S	35636	1970-01-01	2099-12-31		35636	ENG	8359897	DB00734	DRUGBANK	IN	DB00734	Risperidone	N
522	1342439	1342439	trandolapril	Drug	RxNorm	Ingredient	S	38454	1970-01-01	2099-12-31		38454	ENG	8468784	DB00519	DRUGBANK	IN	DB00519	Trandolapril	N
523	943852	943852	xylometazoline	Drug	RxNorm	Ingredient	S	39841	1970-01-01	2099-12-31		39841	ENG	8351710	DB06694	DRUGBANK	IN	DB06694	Xylometazoline	N
524	19044883	19044883	zopiclone	Drug	RxNorm	Ingredient	S	40001	1970-01-01	2099-12-31		40001	ENG	8266074	DB01198	DRUGBANK	IN	DB01198	Zopiclone	N
525	1549686	1549686	fluvastatin	Drug	RxNorm	Ingredient	S	41127	1970-01-01	2099-12-31		41127	ENG	8380161	DB01095	DRUGBANK	IN	DB01095	Fluvastatin	N
526	1152631	1152631	cromolyn	Drug	RxNorm	Ingredient	S	42612	1970-01-01	2099-12-31		42612	ENG	8356744	DB01003	DRUGBANK	IN	DB01003	Cromoglicic acid	N
527	954688	954688	latanoprost	Drug	RxNorm	Ingredient	S	43611	1970-01-01	2099-12-31		43611	ENG	8340568	DB00654	DRUGBANK	IN	DB00654	Latanoprost	N
528	1558471	1558471	cabergoline	Drug	RxNorm	Ingredient	S	47579	1970-01-01	2099-12-31		47579	ENG	8353835	DB00248	DRUGBANK	IN	DB00248	Cabergoline	N
529	1363053	1363053	doxazosin	Drug	RxNorm	Ingredient	S	49276	1970-01-01	2099-12-31		49276	ENG	8530849	DB00590	DRUGBANK	IN	DB00590	Doxazosin	N
530	1367500	1367500	losartan	Drug	RxNorm	Ingredient	S	52175	1970-01-01	2099-12-31		52175	ENG	8520704	DB00678	DRUGBANK	IN	DB00678	Losartan	N
531	969444	969444	nonoxynol-9	Drug	RxNorm	Ingredient	S	53750	1970-01-01	2099-12-31		53750	ENG	8526009	DB06804	DRUGBANK	IN	DB06804	Nonoxynol-9	N
532	19084693	19084693	reboxetine	Drug	RxNorm	Ingredient	S	60842	1970-01-01	2099-12-31		60842	ENG	8518378	DB00234	DRUGBANK	IN	DB00234	Reboxetine	N
533	785788	785788	olanzapine	Drug	RxNorm	Ingredient	S	61381	1970-01-01	2099-12-31		61381	ENG	8550636	DB00334	DRUGBANK	IN	DB00334	Olanzapine	N
534	19086100	19086100	mizolastine	Drug	RxNorm	Ingredient	S	61455	1970-01-01	2099-12-31		61455	ENG	9245943	DB12523	DRUGBANK	IN	DB12523	Mizolastine	N
535	19003999	19003999	mycophenolate mofetil	Drug	RxNorm	Ingredient	S	68149	1970-01-01	2099-12-31		68149	ENG	8484759	DB00688	DRUGBANK	IN	DB00688	Mycophenolate mofetil	N
536	1106776	1106776	tiotropium	Drug	RxNorm	Ingredient	S	69120	1970-01-01	2099-12-31		69120	ENG	8663861	DB01409	DRUGBANK	IN	DB01409	Tiotropium	N
537	1717704	1717704	valacyclovir	Drug	RxNorm	Ingredient	S	73645	1970-01-01	2099-12-31		73645	ENG	8429435	DB00577	DRUGBANK	IN	DB00577	Valaciclovir	N
538	924566	924566	tamsulosin	Drug	RxNorm	Ingredient	S	77492	1970-01-01	2099-12-31		77492	ENG	8343877	DB00706	DRUGBANK	IN	DB00706	Tamsulosin	N
539	1153428	1153428	fexofenadine	Drug	RxNorm	Ingredient	S	87636	1970-01-01	2099-12-31		87636	ENG	8413187	DB00950	DRUGBANK	IN	DB00950	Fexofenadine	N
540	1154161	1154161	montelukast	Drug	RxNorm	Ingredient	S	88249	1970-01-01	2099-12-31		88249	ENG	8492924	DB00471	DRUGBANK	IN	DB00471	Montelukast	N
541	1316262	1316262	sildenafil	Drug	RxNorm	Ingredient	S	136411	1970-01-01	2099-12-31		136411	ENG	8492782	DB00203	DRUGBANK	IN	DB00203	Sildenafil	N
542	734354	734354	pregabalin	Drug	RxNorm	Ingredient	S	187832	2005-07-24	2099-12-31		187832	ENG	8413039	DB00230	DRUGBANK	IN	DB00230	Pregabalin	N
543	1736971	1736971	abacavir	Drug	RxNorm	Ingredient	S	190521	1970-01-01	2099-12-31		190521	ENG	8642365	DB01048	DRUGBANK	IN	DB01048	Abacavir	N
544	937368	937368	infliximab	Drug	RxNorm	Ingredient	S	191831	1970-01-01	2099-12-31		191831	ENG	8324903	DB00065	DRUGBANK	IN	DB00065	Infliximab	N
545	19056874	19056874	dexketoprofen	Drug	RxNorm	Ingredient	S	237162	1970-01-01	2099-12-31		237162	ENG	8564976	DB09214	DRUGBANK	IN	DB09214	Dexketoprofen	N
546	1103006	1103006	desloratadine	Drug	RxNorm	Ingredient	S	275635	1970-01-01	2099-12-31		275635	ENG	8517887	DB00967	DRUGBANK	IN	DB00967	Desloratadine	N
547	715939	715939	escitalopram	Drug	RxNorm	Ingredient	S	321988	1970-01-01	2099-12-31		321988	ENG	8286797	DB01175	DRUGBANK	IN	DB01175	Escitalopram	N
548	1136422	1136422	levocetirizine	Drug	RxNorm	Ingredient	S	356887	1970-01-01	2099-12-31		356887	ENG	8271329	DB06282	DRUGBANK	IN	DB06282	Levocetirizine	N
549	1592180	1592180	cerivastatin	Drug	RxNorm	Ingredient	S	596723	2017-08-07	2099-12-31		596723	ENG	8715282	DB00439	DRUGBANK	IN	DB00439	Cerivastatin	N
550	40238930	40238930	rilpivirine	Drug	RxNorm	Ingredient	S	1102270	2011-06-05	2099-12-31		1102270	ENG	8681355	DB08864	DRUGBANK	IN	DB08864	Rilpivirine	N
551	42873636	42873636	mirabegron	Drug	RxNorm	Ingredient	S	1300786	2012-08-06	2099-12-31		1300786	ENG	8267067	DB08893	DRUGBANK	IN	DB08893	Mirabegron	N
